,Unnamed: 0,City,Candidate (HTML),Status,Reason,Ordre,Libellé de la liste,Code nuance de liste,Numéro de panneau,Code circonscription,Code département,Libellé département,Code commune,Libellé commune,% Voix/exprimés,Libellé de liste,Code commune str,% Voix/exprimés str,population,latitude_centre,longitude_centre,dep_nom,reg_nom,nom_standard,superficie_km2,densite
0,0,Aix-en-Provence,Magali Bailleul,Found,Match successful.,2.0,AIX AVENIR,LUG,3.0,13001,13.0,Bouches-du-Rhône,13001.0,Aix-en-Provence,"20,15%",AIX AVENIR,13001,20.15,147478.0,43.536,5.399,Bouches-du-Rhône,Provence-Alpes-Côte d'Azur,Aix-en-Provence,188.0,786.0
1,1,Aix-en-Provence,Jean-Yves Maurel,Found,Match successful.,17.0,AIX AVENIR,LUG,3.0,13001,13.0,Bouches-du-Rhône,13001.0,Aix-en-Provence,"20,15%",AIX AVENIR,13001,20.15,147478.0,43.536,5.399,Bouches-du-Rhône,Provence-Alpes-Côte d'Azur,Aix-en-Provence,188.0,786.0
2,2,Alès,Marc Peyroche,Found,Match successful.,9.0,Alès c'est Vous !,LCOM,3.0,30007,30.0,Gard,30007.0,Alès,"15,06%",Alès c'est Vous !,30007,15.06,43892.0,44.125,4.088,Gard,Occitanie,Alès,23.0,1886.0
3,3,Alès,Virginie Roux,Found,Match successful.,14.0,Alès c'est Vous !,LCOM,3.0,30007,30.0,Gard,30007.0,Alès,"15,06%",Alès c'est Vous !,30007,15.06,43892.0,44.125,4.088,Gard,Occitanie,Alès,23.0,1886.0
4,4,Amiens,Catherine Vanacker,Found,Match successful.,12.0,"Pour Amiens en mieux, la Gauche unie, écologiste et citoyenne",LUG,2.0,80021,80.0,Somme,80021.0,Amiens,"23,97%","Pour Amiens en mieux, la Gauche unie, écologiste et citoyenne",80021,23.97,133625.0,49.901,2.29,Somme,Hauts-de-France,Amiens,50.0,2668.0
5,5,Amiens,Cyril Prince,Not Present,"City found, but candidate is missing from the list for this Circonscription.",,,,,0,,,,,,,,,,,,,,,,
6,6,Angers,Céline Veron,Found,Match successful.,6.0,Demain Angers,LUG,1.0,49007,49.0,Maine-et-Loire,49007.0,Angers,"28,71%",Demain Angers,49007,28.71,157175.0,47.477,-0.556,Maine-et-Loire,Pays de la Loire,Angers,44.0,3546.0
7,7,Angoulême,Aurélie Zadra,Found,Match successful.,2.0,CHOISISSONS ANGOULEME AVEC PATRICK MARDIKIAN,LDVG,4.0,16015,16.0,Charente,16015.0,Angoulême,"12,82%",CHOISISSONS ANGOULEME AVEC PATRICK MARDIKIAN,16015,12.82,41086.0,45.647,0.145,Charente,Nouvelle-Aquitaine,Angoulême,22.0,1894.0
8,8,Angoulême,Alexandre Perez,Found,Match successful.,5.0,CHOISISSONS ANGOULEME AVEC PATRICK MARDIKIAN,LDVG,4.0,16015,16.0,Charente,16015.0,Angoulême,"12,82%",CHOISISSONS ANGOULEME AVEC PATRICK MARDIKIAN,16015,12.82,41086.0,45.647,0.145,Charente,Nouvelle-Aquitaine,Angoulême,22.0,1894.0
9,9,Annecy,Alain Roubian,Found,Match successful.,11.0,Vivre Annecy,LUG,4.0,74010,74.0,Haute-Savoie,74010.0,Annecy,"24,70%",Vivre Annecy,74010,24.7,131715.0,45.891,6.126,Haute-Savoie,Auvergne-Rhône-Alpes,Annecy,16.0,8258.0
10,10,Annecy,Adeline Duché,Found,Match successful.,8.0,Vivre Annecy,LUG,4.0,74010,74.0,Haute-Savoie,74010.0,Annecy,"24,70%",Vivre Annecy,74010,24.7,131715.0,45.891,6.126,Haute-Savoie,Auvergne-Rhône-Alpes,Annecy,16.0,8258.0
11,11,Antony,Yann LE BIHEN,Found,Match successful.,2.0,ANTONY EN PARTAGE,LDVG,1.0,92002,92.0,Hauts-de-Seine,92002.0,Antony,"11,27%",ANTONY EN PARTAGE,92002,11.27,63232.0,48.75,2.299,Hauts-de-Seine,Île-de-France,Antony,10.0,6614.0
12,12,Antony,Virginie EVVENOU,Not Present,"City found, but candidate is missing from the list for this Circonscription.",,,,,0,,,,,,,,,,,,,,,,
13,13,Arles,Françoise ROUZIES,Found,Match successful.,42.0,L'UNION POUR ARLES,LDVG,4.0,13004,13.0,Bouches-du-Rhône,13004.0,Arles,"25,38%",L'UNION POUR ARLES,13004,25.38,50415.0,43.547,4.662,Bouches-du-Rhône,Provence-Alpes-Côte d'Azur,Arles,758.0,66.0
14,14,Arras,Jean-Baptiste Fray,Not Present,"City found, but candidate is missing from the list for this Circonscription.",,,,,0,,,,,,,,,,,,,,,,
15,15,Asnières-sur-Seine,Françoise Aumont,Found,Match successful.,14.0,Agir pour Asnières,LDVG,2.0,92004,92.0,Hauts-de-Seine,92004.0,Asnières-sur-Seine,"4,47%",Agir pour Asnières,92004,4.47,89662.0,48.915,2.288,Hauts-de-Seine,Île-de-France,Asnières-sur-Seine,5.0,18602.0
16,16,Asnières-sur-Seine,Larbi El Hadri,Found,Match successful.,1.0,Agir pour Asnières,LDVG,2.0,92004,92.0,Hauts-de-Seine,92004.0,Asnières-sur-Seine,"4,47%",Agir pour Asnières,92004,4.47,89662.0,48.915,2.288,Hauts-de-Seine,Île-de-France,Asnières-sur-Seine,5.0,18602.0
17,17,Aubagne,Christophe Albertini,Not Present,"City found, but candidate is missing from the list for this Circonscription.",,,,,0,,,,,,,,,,,,,,,,
18,18,Aubagne,Fadila Tessier,Not Present,"City found, but candidate is missing from the list for this Circonscription.",,,,,0,,,,,,,,,,,,,,,,
19,19,Aubervilliers,Emmanuel CHEVREUL,Found,Match successful.,21.0,Faire gagner Aubervilliers,LDVG,5.0,93001,93.0,Seine-Saint-Denis,93001.0,Aubervilliers,"25,56%",Faire gagner Aubervilliers,93001,25.56,90071.0,48.912,2.384,Seine-Saint-Denis,Île-de-France,Aubervilliers,6.0,15610.0
20,20,Auch,Marie-Pierre Desbons,Found,Match successful.,2.0,AUCH AVEC VOUS,LDVG,4.0,32013,32.0,Gers,32013.0,Auch,"35,73%",AUCH AVEC VOUS,32013,35.73,23041.0,43.653,0.575,Gers,Occitanie,Auch,73.0,314.0
21,21,Auxerre,Rémi Prou-Méline,Found,Match successful.,9.0,POUR AUXERRE,LUG,2.0,89024,89.0,Yonne,89024.0,Auxerre,"19,97%",POUR AUXERRE,89024,19.97,34778.0,47.794,3.582,Yonne,Bourgogne-Franche-Comté,Auxerre,50.0,698.0
22,22,Avignon,Benoît Belvalette,Found,Match successful.,9.0,Ensemble et solidaires,LSOC,4.0,84007,84.0,Vaucluse,84007.0,Avignon,"19,89%",Ensemble et solidaires,84007,19.89,90330.0,43.935,4.841,Vaucluse,Provence-Alpes-Côte d'Azur,Avignon,65.0,1392.0
23,23,Avignon,Maurine Monard,Found,Match successful.,22.0,Ensemble et solidaires,LSOC,4.0,84007,84.0,Vaucluse,84007.0,Avignon,"19,89%",Ensemble et solidaires,84007,19.89,90330.0,43.935,4.841,Vaucluse,Provence-Alpes-Côte d'Azur,Avignon,65.0,1392.0
24,24,Bagnolet,Alexandre PANTELIC,Found,Match successful.,35.0,BAGNOLET FIERE ET SOLIDAIRE,LUG,1.0,93006,93.0,Seine-Saint-Denis,93006.0,Bagnolet,"37,65%",BAGNOLET FIERE ET SOLIDAIRE,93006,37.65,39366.0,48.869,2.423,Seine-Saint-Denis,Île-de-France,Bagnolet,3.0,15318.0
25,25,Bagnolet,Joëlle GARRUS,Found,Match successful.,38.0,BAGNOLET FIERE ET SOLIDAIRE,LUG,1.0,93006,93.0,Seine-Saint-Denis,93006.0,Bagnolet,"37,65%",BAGNOLET FIERE ET SOLIDAIRE,93006,37.65,39366.0,48.869,2.423,Seine-Saint-Denis,Île-de-France,Bagnolet,3.0,15318.0
26,26,Bayonne,Julie Bensoussan,Found,Match successful.,6.0,BAYONNE EN MOUVEMENT-BAIONA MUGIMENDUAN,LUG,3.0,64102,64.0,Pyrénées-Atlantiques,64102.0,Bayonne,"21,99%",BAYONNE EN MOUVEMENT-BAIONA MUGIMENDUAN,64102,21.99,52749.0,43.492,-1.466,Pyrénées-Atlantiques,Nouvelle-Aquitaine,Bayonne,26.0,2041.0
27,27,Bayonne,Thibaut Pathias,Not Present,"City found, but candidate is missing from the list for this Circonscription.",,,,,0,,,,,,,,,,,,,,,,
28,28,Besançon,Frédérique Baehr,Not Present,"City found, but candidate is missing from the list for this Circonscription.",,,,,0,,,,,,,,,,,,,,,,
29,29,Besançon,Gilles Vieille-Marchiset,Not Present,"City found, but candidate is missing from the list for this Circonscription.",,,,,0,,,,,,,,,,,,,,,,
30,30,Béziers,Evelyne Coulouma,Found,Match successful.,4.0,Le Printemps de Béziers,LUG,3.0,34032,34.0,Hérault,34032.0,Béziers,"6,52%",Le Printemps de Béziers,34032,6.52,80341.0,43.348,3.231,Hérault,Occitanie,Béziers,96.0,840.0
31,31,Béziers,Chantal Lapuerta,Found,Match successful.,10.0,Le Printemps de Béziers,LUG,3.0,34032,34.0,Hérault,34032.0,Béziers,"6,52%",Le Printemps de Béziers,34032,6.52,80341.0,43.348,3.231,Hérault,Occitanie,Béziers,96.0,840.0
32,32,Blois,Agnès Verlinde,Found,Match successful.,14.0,PRENONS SOIN DE L'AVENIR,LUG,3.0,41018,41.0,Loir-et-Cher,41018.0,Blois,"33,65%",PRENONS SOIN DE L'AVENIR,41018,33.65,46813.0,47.582,1.306,Loir-et-Cher,Centre-Val de Loire,Blois,38.0,1248.0
33,33,Blois,Christophe Dioux,Not Present,"City found, but candidate is missing from the list for this Circonscription.",,,,,0,,,,,,,,,,,,,,,,
34,34,Bordeaux,Mahmoud Mouche,Not Present,"City found, but candidate is missing from the list for this Circonscription.",,,,,0,,,,,,,,,,,,,,,,
35,35,Bordeaux,Julia Mouzon,Not Present,"City found, but candidate is missing from the list for this Circonscription.",,,,,0,,,,,,,,,,,,,,,,
36,36,Bordeaux Métropole,Marie-Laure Cuvelier,Not Present,"City found, but candidate is missing from the list for this Circonscription.",,,,,0,,,,,,,,,,,,,,,,
37,37,Bordeaux Métropole,Antoine Revers,Not Present,"City found, but candidate is missing from the list for this Circonscription.",,,,,0,,,,,,,,,,,,,,,,
38,38,Boulogne-Billancourt,Sara Rosenberg,Found,Match successful.,7.0,Boulogne-Billancourt Nous Rassemble,LSOC,4.0,92012,92.0,Hauts-de-Seine,92012.0,Boulogne-Billancourt,"9,03%",Boulogne-Billancourt Nous Rassemble,92012,9.03,119808.0,48.837,2.239,Hauts-de-Seine,Île-de-France,Boulogne-Billancourt,6.0,19481.0
39,39,Boulogne-Billancourt,François Thellier,Found,Match successful.,18.0,Boulogne-Billancourt Nous Rassemble,LSOC,4.0,92012,92.0,Hauts-de-Seine,92012.0,Boulogne-Billancourt,"9,03%",Boulogne-Billancourt Nous Rassemble,92012,9.03,119808.0,48.837,2.239,Hauts-de-Seine,Île-de-France,Boulogne-Billancourt,6.0,19481.0
40,40,Boulogne-Billancourt,Patricia DEBROCK,Not Present,"City found, but candidate is missing from the list for this Circonscription.",,,,,0,,,,,,,,,,,,,,,,
41,41,Brest,Alexandra Miossec,Found,Match successful.,30.0,La gauche unie pour Brest,LUG,7.0,29019,29.0,Finistère,29019.0,Brest,"23,80%",La gauche unie pour Brest,29019,23.8,139619.0,48.4,-4.503,Finistère,Bretagne,Brest,49.0,2842.0
42,42,Brest,Claude Rannou,Not Present,"City found, but candidate is missing from the list for this Circonscription.",,,,,0,,,,,,,,,,,,,,,,
43,43,Brive-la-Gaillarde,Delphine Mérino,Found,Match successful.,4.0,Brive notre avenir,LDVG,2.0,19031,19.0,Corrèze,19031.0,Brive-la-Gaillarde,"14,06%",Brive notre avenir,19031,14.06,46599.0,45.144,1.519,Corrèze,Nouvelle-Aquitaine,Brive-la-Gaillarde,48.0,962.0
44,44,Brive-la-Gaillarde,Frédéric Lorfanfant,Found,Match successful.,7.0,Brive notre avenir,LDVG,2.0,19031,19.0,Corrèze,19031.0,Brive-la-Gaillarde,"14,06%",Brive notre avenir,19031,14.06,46599.0,45.144,1.519,Corrèze,Nouvelle-Aquitaine,Brive-la-Gaillarde,48.0,962.0
45,45,Bron,Fares Touchene,Found,Match successful.,6.0,BRON EN COMMUN,LUG,1.0,69029,69.0,Rhône,69029.0,Bron,"17,75%",BRON EN COMMUN,69029,17.75,43049.0,45.734,4.912,Rhône,Auvergne-Rhône-Alpes,Bron,10.0,4196.0
46,46,Caen,Clémentine Manca,Found,Match successful.,16.0,CAEN PASSIONNEMENT AVEC ARISTIDE OLIVIER,LDVD,2.0,14118,14.0,Calvados,14118.0,Caen,"48,51%",CAEN PASSIONNEMENT AVEC ARISTIDE OLIVIER,14118,48.51,108200.0,49.185,-0.37,Calvados,Normandie,Caen,26.0,4205.0
47,47,Caen,Marc Lecerf,Not Present,"City found, but candidate is missing from the list for this Circonscription.",,,,,0,,,,,,,,,,,,,,,,
48,48,Cahors,Serge Bathendier,Not Present,"City found, but candidate is missing from the list for this Circonscription.",,,,,0,,,,,,,,,,,,,,,,
49,49,Cahors,Anne-Marie Rey-Golliet,Not Present,"City found, but candidate is missing from the list for this Circonscription.",,,,,0,,,,,,,,,,,,,,,,
50,50,Caluire-et-Cuire,Jacques Tyrol Chary,Found,Match successful.,5.0,NOUVELLE ERE POUR CALUIRE AVEC FABRICE MATTEUCCI,LUG,1.0,69034,69.0,Rhône,69034.0,Caluire-et-Cuire,"27,44%",NOUVELLE ERE POUR CALUIRE AVEC FABRICE MATTEUCCI,69034,27.44,43572.0,45.797,4.851,Rhône,Auvergne-Rhône-Alpes,Caluire-et-Cuire,10.0,4190.0
51,51,Cergy,Karim ZIABAT,Found,Match successful.,11.0,CERGY C'EST NOUS,LUG,1.0,95127,95.0,Val-d'Oise,95127.0,Cergy,"36,79%",CERGY C'EST NOUS,95127,36.79,68348.0,49.04,2.051,Val-d'Oise,Île-de-France,Cergy,15.0,4704.0
52,52,Châlons-en-Champagne,Karima Gautier,Found,Match successful.,6.0,"Pour Châlons, agissons ensemble !",LUG,1.0,51108,51.0,Marne,51108.0,Châlons-en-Champagne,"24,88%","Pour Châlons, agissons ensemble !",51108,24.88,43877.0,48.964,4.379,Marne,Grand Est,Châlons-en-Champagne,26.0,1686.0
53,53,Chambéry,Cristina VIRONE,Found,Match successful.,6.0,Chambéry avance avec Thierry Repentin,LUG,8.0,73065,73.0,Savoie,73065.0,Chambéry,"22,65%",Chambéry avance avec Thierry Repentin,73065,22.65,59856.0,45.583,5.909,Savoie,Auvergne-Rhône-Alpes,Chambéry,21.0,2822.0
54,54,Chambéry,Vincent SZLINGIER,Found,Match successful.,33.0,Chambéry avance avec Thierry Repentin,LUG,8.0,73065,73.0,Savoie,73065.0,Chambéry,"22,65%",Chambéry avance avec Thierry Repentin,73065,22.65,59856.0,45.583,5.909,Savoie,Auvergne-Rhône-Alpes,Chambéry,21.0,2822.0
55,55,Chelles,Éric Pommageot,Found,Match successful.,3.0,POUR L'AVENIR DE CHELLES,LDIV,3.0,77108,77.0,Seine-et-Marne,77108.0,Chelles,"23,79%",POUR L'AVENIR DE CHELLES,77108,23.79,54309.0,48.884,2.597,Seine-et-Marne,Île-de-France,Chelles,16.0,3392.0
56,56,Chelles,Patricia Lavorata,Found,Match successful.,10.0,POUR L'AVENIR DE CHELLES,LDIV,3.0,77108,77.0,Seine-et-Marne,77108.0,Chelles,"23,79%",POUR L'AVENIR DE CHELLES,77108,23.79,54309.0,48.884,2.597,Seine-et-Marne,Île-de-France,Chelles,16.0,3392.0
57,57,Cherbourg-en-Cotentin,Quentin LAGALLARDE,Found,Match successful.,25.0,LA VILLE ENSEMBLE,LUG,1.0,50129,50.0,Manche,50129.0,Cherbourg-en-Cotentin,"41,51%",LA VILLE ENSEMBLE,50129,41.51,77808.0,49.633,-1.634,Manche,Normandie,Cherbourg-en-Cotentin,16.0,4925.0
58,58,Cherbourg-en-Cotentin,Elisabeth Duclos,Found,Match successful.,52.0,LA VILLE ENSEMBLE,LUG,1.0,50129,50.0,Manche,50129.0,Cherbourg-en-Cotentin,"41,51%",LA VILLE ENSEMBLE,50129,41.51,77808.0,49.633,-1.634,Manche,Normandie,Cherbourg-en-Cotentin,16.0,4925.0
59,59,Clermont-Ferrand,Jérôme Auslender,Found,Match successful.,5.0,VIVRE CLERMONT !,LUG,6.0,63113,63.0,Puy-de-Dôme,63113.0,Clermont-Ferrand,"29,99%",VIVRE CLERMONT !,63113,29.99,147327.0,45.786,3.116,Puy-de-Dôme,Auvergne-Rhône-Alpes,Clermont-Ferrand,43.0,3421.0
60,60,Colmar,Nathalie Baronnet,Found,Match successful.,10.0,"VIVRE COLMAR CONSTRUISONS UNE VILLE VERTE, DYNAMIQUE ET SOLIDAIRE",LUG,1.0,68066,68.0,Haut-Rhin,68066.0,Colmar,"12,60%","VIVRE COLMAR CONSTRUISONS UNE VILLE VERTE, DYNAMIQUE ET SOLIDAIRE",68066,12.6,67730.0,48.11,7.385,Haut-Rhin,Grand Est,Colmar,66.0,1019.0
61,61,Colmar,Fabien Eymas,Found,Match successful.,3.0,"VIVRE COLMAR CONSTRUISONS UNE VILLE VERTE, DYNAMIQUE ET SOLIDAIRE",LUG,1.0,68066,68.0,Haut-Rhin,68066.0,Colmar,"12,60%","VIVRE COLMAR CONSTRUISONS UNE VILLE VERTE, DYNAMIQUE ET SOLIDAIRE",68066,12.6,67730.0,48.11,7.385,Haut-Rhin,Grand Est,Colmar,66.0,1019.0
62,62,Digne-les-Bains,Benjamin Perrot,Not Present,"City found, but candidate is missing from the list for this Circonscription.",,,,,0,,,,,,,,,,,,,,,,
63,63,Dijon,Jordane Gallois,Found,Match successful.,18.0,Dijon. écologique sociale attractive,LSOC,8.0,21231,21.0,Côte-d'Or,21231.0,Dijon,"39,13%",Dijon. écologique sociale attractive,21231,39.13,159346.0,47.323,5.038,Côte-d'Or,Bourgogne-Franche-Comté,Dijon,42.0,3831.0
64,64,Douai,Jean-Christophe Leclercq,Found,Match successful.,9.0,DOUAI TOUJOURS !,LUG,8.0,59178,59.0,Nord,59178.0,Douai,"26,13%",DOUAI TOUJOURS !,59178,26.13,39648.0,50.382,3.092,Nord,Hauts-de-France,Douai,17.0,2343.0
65,65,Dunkerque,Ludovic PEERS,Found,Match successful.,41.0,Patrice Vergriete Bien vivre à Dunkerque,LDVC,3.0,59183,59.0,Nord,59183.0,Dunkerque,"64,47%",Patrice Vergriete Bien vivre à Dunkerque,59183,64.47,86788.0,51.031,2.338,Nord,Hauts-de-France,Dunkerque,43.0,2020.0
66,66,Grenoble,Romain Gentil,Found,Match successful.,1.0,GRENOBLE CAPITALE CITOYENNE,LDVG,6.0,38185,38.0,Isère,38185.0,Grenoble,"10,00%",GRENOBLE CAPITALE CITOYENNE,38185,10.0,157477.0,45.182,5.721,Isère,Auvergne-Rhône-Alpes,Grenoble,19.0,8485.0
67,67,Grenoble,Barbara Schuman,Found,Match successful.,4.0,GRENOBLE CAPITALE CITOYENNE,LDVG,6.0,38185,38.0,Isère,38185.0,Grenoble,"10,00%",GRENOBLE CAPITALE CITOYENNE,38185,10.0,157477.0,45.182,5.721,Isère,Auvergne-Rhône-Alpes,Grenoble,19.0,8485.0
68,68,Hyères,Madeleine Barba,Found,Match successful.,40.0,HYERES AVENIR,LDVG,6.0,83069,83.0,Var,83069.0,Hyères,"15,93%",HYERES AVENIR,83069,15.93,55103.0,43.102,6.189,Var,Provence-Alpes-Côte d'Azur,Hyères,134.0,413.0
69,69,Hyères,Pascal Colin,Found,Match successful.,5.0,HYERES AVENIR,LDVG,6.0,83069,83.0,Var,83069.0,Hyères,"15,93%",HYERES AVENIR,83069,15.93,55103.0,43.102,6.189,Var,Provence-Alpes-Côte d'Azur,Hyères,134.0,413.0
70,70,Issy-Les-Moulineaux,Françoise Briand,Found,Match successful.,4.0,Issy écologique et sociale,LDVG,4.0,92040,92.0,Hauts-de-Seine,92040.0,Issy-les-Moulineaux,"21,72%",Issy écologique et sociale,92040,21.72,68580.0,48.824,2.264,Hauts-de-Seine,Île-de-France,Issy-les-Moulineaux,4.0,16175.0
71,71,Issy-Les-Moulineaux,Jérémie Caffin,Found,Match successful.,15.0,Issy écologique et sociale,LDVG,4.0,92040,92.0,Hauts-de-Seine,92040.0,Issy-les-Moulineaux,"21,72%",Issy écologique et sociale,92040,21.72,68580.0,48.824,2.264,Hauts-de-Seine,Île-de-France,Issy-les-Moulineaux,4.0,16175.0
72,72,Ivry-sur-Seine,Nathalie BARTHES-LHAYANI,Not Present,"City found, but candidate is missing from the list for this Circonscription.",,,,,0,,,,,,,,,,,,,,,,
73,73,La Roche-sur-Yon,Hortense Chevalier,Found,Match successful.,20.0,POUR La Roche,LDVG,1.0,85191,85.0,Vendée,85191.0,La Roche-sur-Yon,"46,27%",POUR La Roche,85191,46.27,54952.0,46.668,-1.408,Vendée,Pays de la Loire,La Roche-sur-Yon,88.0,626.0
74,74,La Rochelle,Christophe Bertaud,Found,Match successful.,5.0,GÉNÉRATIONS LA ROCHELLE AVEC THIBAUT GUIRAUD,LDVG,3.0,17300,17.0,Charente-Maritime,17300.0,La Rochelle,"15,64%",GÉNÉRATIONS LA ROCHELLE AVEC THIBAUT GUIRAUD,17300,15.64,78535.0,46.162,-1.175,Charente-Maritime,Nouvelle-Aquitaine,La Rochelle,32.0,2479.0
75,75,La Rochelle,Nathalie Deau,Found,Match successful.,14.0,POUR LES ROCHELAISES ET LES ROCHELAIS,LDVG,2.0,17300,17.0,Charente-Maritime,17300.0,La Rochelle,"33,12%",POUR LES ROCHELAISES ET LES ROCHELAIS,17300,33.12,78535.0,46.162,-1.175,Charente-Maritime,Nouvelle-Aquitaine,La Rochelle,32.0,2479.0
76,76,La-Seyne-sur-Mer,Marie Marchandise,Not Present,"City found, but candidate is missing from the list for this Circonscription.",,,,,0,,,,,,,,,,,,,,,,
77,77,La-Seyne-sur-Mer,Jean-Jacques Bodevin,Found,Match successful.,3.0,"LA SEYNE, VILLE DES POSSIBLES",LDVG,4.0,83126,83.0,Var,83126.0,La Seyne-sur-Mer,"8,63%","LA SEYNE, VILLE DES POSSIBLES",83126,8.63,62763.0,43.088,5.871,Var,Provence-Alpes-Côte d'Azur,La Seyne-sur-Mer,24.0,2664.0
78,78,Lannion,Alain Cordesse,Found,Match successful.,5.0,Lannion Ville écologique et solidaire,LUG,1.0,22113,22.0,Côtes-d'Armor,22113.0,Lannion,"43,87%",Lannion Ville écologique et solidaire,22113,43.87,20344.0,48.743,-3.462,Côtes-d'Armor,Bretagne,Lannion,48.0,425.0
79,79,Laval,Louison Gablin,Not Present,"City found, but candidate is missing from the list for this Circonscription.",,,,,0,,,,,,,,,,,,,,,,
80,80,Laval,Agnès CAMARENA,Found,Match successful.,10.0,Laval à venir,LUG,3.0,53130,53.0,Mayenne,53130.0,Laval,"54,49%",Laval à venir,53130,54.49,49657.0,48.061,-0.766,Mayenne,Pays de la Loire,Laval,34.0,1447.0
81,81,Le Mans,Catherine Leturque,Not Present,"City found, but candidate is missing from the list for this Circonscription.",,,,,0,,,,,,,,,,,,,,,,
82,82,Le Mans,Éric Emmanuel,Not Present,"City found, but candidate is missing from the list for this Circonscription.",,,,,0,,,,,,,,,,,,,,,,
83,83,Les sables d’Olone,Marion GUERIN,Manually,The city does not exist in the Circonscription column.,3.0,RESPONSABLES,LUG,5.0,85194,85.0,Vendée,85194.0,Les Sables-d'Olonne,"17,49%",RESPONSABLES,85194,17.49,48402.0,46.501,-1.793,Vendée,Pays de la Loire,Les Sables-d'Olonne,9.0,5563.0
84,84,Le Tampon,Jean-Eudes DALLOU,Found,Match successful.,21.0,"NOUT VOIX, NOUT L'AVENIR !",LUG,5.0,97422,974.0,La Réunion,97422.0,Le Tampon,"28,95%","NOUT VOIX, NOUT L'AVENIR !",97422,28.95,81943.0,-21.223,55.558,La Réunion,La Réunion,Le Tampon,181.0,453.0
85,85,Levallois-Perret,Danièle ZELIC,Found,Match successful.,2.0,Levallois en Commun,LUG,3.0,92044,92.0,Hauts-de-Seine,92044.0,Levallois-Perret,"11,68%",Levallois en Commun,92044,11.68,68009.0,48.895,2.287,Hauts-de-Seine,Île-de-France,Levallois-Perret,2.0,28220.0
86,86,Lille,Julien Pilette,Found,Match successful.,9.0,TOUT POUR LILLE,LUG,1.0,59350,59.0,Nord,59350.0,Lille,"26,26%",TOUT POUR LILLE,59350,26.26,236710.0,50.632,3.048,Nord,Hauts-de-France,Lille,35.0,6765.0
87,87,Limoges,Jean-Luc Marissal,Found,Match successful.,13.0,POUR LIMOGES THIERRY MIGUEL,LUG,2.0,87085,87.0,Haute-Vienne,87085.0,Limoges,"16,92%",POUR LIMOGES THIERRY MIGUEL,87085,16.92,129760.0,45.854,1.249,Haute-Vienne,Nouvelle-Aquitaine,Limoges,80.0,1628.0
88,88,Lorient,Françoise Plumer Schreiber,Found,Match successful.,15.0,Lorient ensemble avec Gaëlle Le Stradic,LDVG,2.0,56121,56.0,Morbihan,56121.0,Lorient,"19,03%",Lorient ensemble avec Gaëlle Le Stradic,56121,19.03,57846.0,47.75,-3.378,Morbihan,Bretagne,Lorient,15.0,3901.0
89,89,Lorient,Stevan Le Ruyet,Found,Match successful.,2.0,Lorient ensemble avec Gaëlle Le Stradic,LDVG,2.0,56121,56.0,Morbihan,56121.0,Lorient,"19,03%",Lorient ensemble avec Gaëlle Le Stradic,56121,19.03,57846.0,47.75,-3.378,Morbihan,Bretagne,Lorient,15.0,3901.0
90,90,Lyon,Lisa Gauthier,Found,Match successful.,10.0,"POUR VIVRE LYON, L'UNION DE LA GAUCHE ET DES ECOLOGISTES AVEC GREGORY DOUCET",LUG,1.0,69123,69.0,Rhône,69123.0,Lyon,"37,36%","POUR VIVRE LYON, L'UNION DE LA GAUCHE ET DES ECOLOGISTES AVEC GREGORY DOUCET",69123,37.36,522250.0,,,Rhône,Auvergne-Rhône-Alpes,Lyon,48.0,10903.0
91,91,LyonMétropole,Jonathan Bocquet,City Not Found,The city does not exist in the Circonscription column.,,,,,0,,,,,,,,,,,,,,,,
92,92,LyonMétropole,François Journy,City Not Found,The city does not exist in the Circonscription column.,,,,,0,,,,,,,,,,,,,,,,
93,93,Lyon Métropole(BRON-CHASSIEU-MIONS et SAINT-PRIEST),Pierre COURBIS,Not Present,"City found, but candidate is missing from the list for this Circonscription.",,,,,0,,,,,,,,,,,,,,,,
94,94,Marseille,Pascaline Lécorché,Found,Match successful.,12.0,"POUR MARSEILLE, LA GAUCHE, LES ECOLOGISTES ET LES CITOYENS RASSEMBLES",LUG,3.0,13055,13.0,Bouches-du-Rhône,13055.0,Marseille,"36,70%","POUR MARSEILLE, LA GAUCHE, LES ECOLOGISTES ET LES CITOYENS RASSEMBLES",13055,36.7,873076.0,,,Bouches-du-Rhône,Provence-Alpes-Côte d'Azur,Marseille,241.0,3629.0
95,95,Marseille,Sébastien Lebret,Not Present,"City found, but candidate is missing from the list for this Circonscription.",,,,,0,,,,,,,,,,,,,,,,
96,96,Massy,Christian CHAPTAL,Not Present,"City found, but candidate is missing from the list for this Circonscription.",,,,,0,,,,,,,,,,,,,,,,
97,97,Meaux,Valentine Rousseau,Found,Match successful.,1.0,MEAUX AUTREMENT,LUG,3.0,77284,77.0,Seine-et-Marne,77284.0,Meaux,"9,73%",MEAUX AUTREMENT,77284,9.73,55616.0,48.957,2.9,Seine-et-Marne,Île-de-France,Meaux,15.0,3652.0
98,98,Meaux,Sébastien Bost,Found,Match successful.,12.0,MEAUX AUTREMENT,LUG,3.0,77284,77.0,Seine-et-Marne,77284.0,Meaux,"9,73%",MEAUX AUTREMENT,77284,9.73,55616.0,48.957,2.9,Seine-et-Marne,Île-de-France,Meaux,15.0,3652.0
99,99,Mérignac,Stéphane Brunel,Found,Match successful.,15.0,"ENSEMBLE, NOUS SOMMES MERIGNAC",LUG,5.0,33281,33.0,Gironde,33281.0,Mérignac,"51,77%","ENSEMBLE, NOUS SOMMES MERIGNAC",33281,51.77,75729.0,44.832,-0.682,Gironde,Nouvelle-Aquitaine,Mérignac,48.0,1583.0
100,100,Metz,Xavier Bouvet,Not Present,"City found, but candidate is missing from the list for this Circonscription.",,,,,0,,,,,,,,,,,,,,,,
101,101,Meudon,Blandine Cornevin,Found,Match successful.,2.0,Meudon autrement,LUG,1.0,92048,92.0,Hauts-de-Seine,92048.0,Meudon,"23,74%",Meudon autrement,92048,23.74,46342.0,48.804,2.227,Hauts-de-Seine,Île-de-France,Meudon,10.0,4657.0
102,102,Meudon,Cyril Blesson,Not Present,"City found, but candidate is missing from the list for this Circonscription.",,,,,0,,,,,,,,,,,,,,,,
103,103,Mont-de-Marsan,Jean-François Cabannes,Found,Match successful.,9.0,MONT-DE-MARSAN AUTREMENT,LUG,4.0,40192,40.0,Landes,40192.0,Mont-de-Marsan,"29,72%",MONT-DE-MARSAN AUTREMENT,40192,29.72,30674.0,43.899,-0.491,Landes,Nouvelle-Aquitaine,Mont-de-Marsan,37.0,838.0
104,104,Montauban,Thérèse Bouche,Not Present,"City found, but candidate is missing from the list for this Circonscription.",,,,,0,,,,,,,,,,,,,,,,
105,105,Montauban,Michel Cappelletti,Found,Match successful.,9.0,VIVRE MONTAUBAN,LUG,1.0,82121,82.0,Tarn-et-Garonne,82121.0,Montauban,"21,91%",VIVRE MONTAUBAN,82121,21.91,61919.0,44.022,1.364,Tarn-et-Garonne,Occitanie,Montauban,136.0,456.0
106,106,Montélimar,Nadia Guétari,Not Present,"City found, but candidate is missing from the list for this Circonscription.",,,,,0,,,,,,,,,,,,,,,,
107,107,Montélimar,Jérome Lauzel,Found,Match successful.,1.0,Montélimar en commun,LDVG,3.0,26198,26.0,Drôme,26198.0,Montélimar,"3,76%",Montélimar en commun,26198,3.76,40399.0,44.554,4.749,Drôme,Auvergne-Rhône-Alpes,Montélimar,46.0,871.0
108,108,Montpellier,Christophe Bourdin,Found,Match successful.,23.0,DEMAIN MONTPELLIER,LUG,1.0,34172,34.0,Hérault,34172.0,Montpellier,"33,41%",DEMAIN MONTPELLIER,34172,33.41,302454.0,43.613,3.868,Hérault,Occitanie,Montpellier,57.0,5296.0
109,109,Montpellier,Virginie Chambard,Not Present,"City found, but candidate is missing from the list for this Circonscription.",,,,,0,,,,,,,,,,,,,,,,
110,110,Montreuil,Antonin Fourcade,Not Present,"City found, but candidate is missing from the list for this Circonscription.",,,,,0,,,,,,,,,,,,,,,,
111,111,Montrouge,Anne Belheur,Found,Match successful.,6.0,MONTROUGE AUTREMENT,LUG,4.0,92049,92.0,Hauts-de-Seine,92049.0,Montrouge,"19,19%",MONTROUGE AUTREMENT,92049,19.19,47657.0,48.815,2.316,Hauts-de-Seine,Île-de-France,Montrouge,2.0,23023.0
112,112,Montrouge,Fabien Chevalier,Found,Match successful.,9.0,MONTROUGE AUTREMENT,LUG,4.0,92049,92.0,Hauts-de-Seine,92049.0,Montrouge,"19,19%",MONTROUGE AUTREMENT,92049,19.19,47657.0,48.815,2.316,Hauts-de-Seine,Île-de-France,Montrouge,2.0,23023.0
113,113,Nantes,Marc Letourneux,Not Present,"City found, but candidate is missing from the list for this Circonscription.",,,,,0,,,,,,,,,,,,,,,,
114,114,Narbonne,Benoit Vandaele,Found,Match successful.,15.0,NARBONNE en GRAND,LDVG,1.0,11262,11.0,Aude,11262.0,Narbonne,"17,25%",NARBONNE en GRAND,11262,17.25,56395.0,43.165,3.02,Aude,Occitanie,Narbonne,175.0,323.0
115,115,Nice,Aryele Vergara,Not Present,"City found, but candidate is missing from the list for this Circonscription.",,,,,0,,,,,,,,,,,,,,,,
116,116,Nice,Laurent Ciubini,Not Present,"City found, but candidate is missing from the list for this Circonscription.",,,,,0,,,,,,,,,,,,,,,,
117,117,Nîmes,Dominique Nuti,Found,Match successful.,15.0,Nîmes en commun,LUG,5.0,30189,30.0,Gard,30189.0,Nîmes,"30,05%",Nîmes en commun,30189,30.05,148104.0,43.845,4.348,Gard,Occitanie,Nîmes,161.0,919.0
118,118,Noisy-le-Grand,Robin Ruot,Found,Match successful.,9.0,A NOISY RESPIRONS,LUG,1.0,93051,93.0,Seine-Saint-Denis,93051.0,Noisy-le-Grand,"20,31%",A NOISY RESPIRONS,93051,20.31,70374.0,48.836,2.564,Seine-Saint-Denis,Île-de-France,Noisy-le-Grand,13.0,5397.0
119,119,Orléans,Victor Talbot,Found,Match successful.,15.0,RASSEMBLER ORLEANS - L'UNION DE LA GAUCHE ET DES ECOLOGISTES,LUG,5.0,45234,45.0,Loiret,45234.0,Orléans,"16,23%",RASSEMBLER ORLEANS - L'UNION DE LA GAUCHE ET DES ECOLOGISTES,45234,16.23,116617.0,47.883,1.916,Loiret,Centre-Val de Loire,Orléans,28.0,4230.0
120,120,Pantin,Cécile Dap,Found,Match successful.,28.0,PANTIN AU COEUR,LDVG,1.0,93055,93.0,Seine-Saint-Denis,93055.0,Pantin,"39,60%",PANTIN AU COEUR,93055,39.6,60800.0,48.898,2.409,Seine-Saint-Denis,Île-de-France,Pantin,5.0,12063.0
121,121,Pantin,Patrick Badard,Found,Match successful.,5.0,PANTIN AU COEUR,LDVG,1.0,93055,93.0,Seine-Saint-Denis,93055.0,Pantin,"39,60%",PANTIN AU COEUR,93055,39.6,60800.0,48.898,2.409,Seine-Saint-Denis,Île-de-France,Pantin,5.0,12063.0
122,122,Pau,Jean-François Maison,Not Present,"City found, but candidate is missing from the list for this Circonscription.",,,,,0,,,,,,,,,,,,,,,,
123,123,Pau,Anne-Marie Batcabe,Found,Match successful.,24.0,NOUVELLE ÈRE,LUG,4.0,64445,64.0,Pyrénées-Atlantiques,64445.0,Pau,"26,31%",NOUVELLE ÈRE,64445,26.31,77066.0,43.32,-0.35,Pyrénées-Atlantiques,Nouvelle-Aquitaine,Pau,32.0,2445.0
124,124,Pessac,Emmanuelle Daviaud,Found,Match successful.,14.0,PESSAC ENSEMBLE,LUG,2.0,33318,33.0,Gironde,33318.0,Pessac,"29,82%",PESSAC ENSEMBLE,33318,29.82,66760.0,44.792,-0.676,Gironde,Nouvelle-Aquitaine,Pessac,39.0,1728.0
125,125,Pessac,Jean-François Grezes,Found,Match successful.,7.0,PESSAC ENSEMBLE,LUG,2.0,33318,33.0,Gironde,33318.0,Pessac,"29,82%",PESSAC ENSEMBLE,33318,29.82,66760.0,44.792,-0.676,Gironde,Nouvelle-Aquitaine,Pessac,39.0,1728.0
126,126,Poitiers,Rebecca Charpentier,Not Present,"City found, but candidate is missing from the list for this Circonscription.",,,,,0,,,,,,,,,,,,,,,,
127,127,Poitiers,Benoit Tirant,Found,Match successful.,50.0,Poitiers collectif,LVEC,4.0,86194,86.0,Vienne,86194.0,Poitiers,"26,41%",Poitiers collectif,86194,26.41,90240.0,46.584,0.36,Vienne,Nouvelle-Aquitaine,Poitiers,42.0,2128.0
128,128,Quimper,Jérôme Hazart,Not Present,"City found, but candidate is missing from the list for this Circonscription.",,,,,0,,,,,,,,,,,,,,,,
129,129,Quimper,Carole Pourchez,Found,Match successful.,21.0,Quimper ensemble,LDVG,4.0,29232,29.0,Finistère,29232.0,Quimper,"46,69%",Quimper ensemble,29232,46.69,63642.0,47.997,-4.091,Finistère,Bretagne,Quimper,84.0,755.0
130,130,Reims,Elie Rosière,Not Present,"City found, but candidate is missing from the list for this Circonscription.",,,,,0,,,,,,,,,,,,,,,,
131,131,Rennes,Béatrice LEBOSSÉ,Not Present,"City found, but candidate is missing from the list for this Circonscription.",,,,,0,,,,,,,,,,,,,,,,
132,132,Rennes,Fabrice MARZIN,Not Present,"City found, but candidate is missing from the list for this Circonscription.",,,,,0,,,,,,,,,,,,,,,,
133,133,Rennes,Marie-Caroline NIVAIGNE,Found,Match successful.,53.0,RENNES SOLIDAIRE,LUG,3.0,35238,35.0,Ille-et-Vilaine,35238.0,Rennes,"34,53%",RENNES SOLIDAIRE,35238,34.53,225081.0,48.112,-1.682,Ille-et-Vilaine,Bretagne,Rennes,50.0,4470.0
134,134,Rennes,Raymond PAULET,Found,Match successful.,24.0,RENNES SOLIDAIRE,LUG,3.0,35238,35.0,Ille-et-Vilaine,35238.0,Rennes,"34,53%",RENNES SOLIDAIRE,35238,34.53,225081.0,48.112,-1.682,Ille-et-Vilaine,Bretagne,Rennes,50.0,4470.0
135,135,Roubaix,Arnaud Béchet,Found,Match successful.,29.0,AGIR AU COEUR DE ROUBAIX,LUG,6.0,59512,59.0,Nord,59512.0,Roubaix,"16,76%",AGIR AU COEUR DE ROUBAIX,59512,16.76,98892.0,50.688,3.183,Nord,Hauts-de-France,Roubaix,13.0,7475.0
136,136,Roubaix,Dominique Caelen,Found,Match successful.,22.0,AGIR AU COEUR DE ROUBAIX,LUG,6.0,59512,59.0,Nord,59512.0,Roubaix,"16,76%",AGIR AU COEUR DE ROUBAIX,59512,16.76,98892.0,50.688,3.183,Nord,Hauts-de-France,Roubaix,13.0,7475.0
137,137,Rouen,Annie Boulon-Fahmy,Found,Match successful.,24.0,Fiers de Rouen,LUG,4.0,76540,76.0,Seine-Maritime,76540.0,Rouen,"45,13%",Fiers de Rouen,76540,45.13,114083.0,49.441,1.093,Seine-Maritime,Normandie,Rouen,21.0,5326.0
138,138,Rouen,Yves Soret,Found,Match successful.,17.0,Fiers de Rouen,LUG,4.0,76540,76.0,Seine-Maritime,76540.0,Rouen,"45,13%",Fiers de Rouen,76540,45.13,114083.0,49.441,1.093,Seine-Maritime,Normandie,Rouen,21.0,5326.0
139,139,Saint-Brieuc,Hervé Guihard,Found,Match successful.,1.0,Vivre Saint-Brieuc,LUG,5.0,22278,22.0,Côtes-d'Armor,22278.0,Saint-Brieuc,"33,20%",Vivre Saint-Brieuc,22278,33.2,44224.0,48.515,-2.762,Côtes-d'Armor,Bretagne,Saint-Brieuc,19.0,2278.0
140,140,Saint-Brieuc,Florence PORTZER,Found,Match successful.,18.0,Vivre Saint-Brieuc,LUG,5.0,22278,22.0,Côtes-d'Armor,22278.0,Saint-Brieuc,"33,20%",Vivre Saint-Brieuc,22278,33.2,44224.0,48.515,-2.762,Côtes-d'Armor,Bretagne,Saint-Brieuc,19.0,2278.0
141,141,Saint-Denis,Alice RASCOUSSIER,Not Present,"City found, but candidate is missing from the list for this Circonscription.",,,,,0,,,,,,,,,,,,,,,,
142,142,Saint-Étienne,Annick Jehanne,Found,Match successful.,16.0,Rassembler Saint-Etienne,LSOC,5.0,42218,42.0,Loire,42218.0,Saint-Etienne,"29,16%",Rassembler Saint-Etienne,42218,29.16,172718.0,45.43,4.379,Loire,Auvergne-Rhône-Alpes,Saint-Étienne,80.0,2159.0
143,143,Saint-Herblain,Jocelyn Bureau,Found,Match successful.,21.0,ENSEMBLE POUR SAINT HERBLAIN,LUG,2.0,44162,44.0,Loire-Atlantique,44162.0,Saint-Herblain,"53,68%",ENSEMBLE POUR SAINT HERBLAIN,44162,53.68,49537.0,47.224,-1.634,Loire-Atlantique,Pays de la Loire,Saint-Herblain,30.0,1656.0
144,144,Saint-Malo,Pascal Duffy,Found,Match successful.,24.0,"Nouveau cap, cité audacieuse et participative",LDVG,2.0,35288,35.0,Ille-et-Vilaine,35288.0,Saint-Malo,"18,33%","Nouveau cap, cité audacieuse et participative",35288,18.33,47323.0,48.64,-1.981,Ille-et-Vilaine,Bretagne,Saint-Malo,37.0,1296.0
145,145,Saint-Malo,Armelle Prunier,Found,Match successful.,17.0,"Nouveau cap, cité audacieuse et participative",LDVG,2.0,35288,35.0,Ille-et-Vilaine,35288.0,Saint-Malo,"18,33%","Nouveau cap, cité audacieuse et participative",35288,18.33,47323.0,48.64,-1.981,Ille-et-Vilaine,Bretagne,Saint-Malo,37.0,1296.0
146,146,Saint-Maur-des-Fossés,Nathan DORGÈRE,Not Present,"City found, but candidate is missing from the list for this Circonscription.",,,,,0,,,,,,,,,,,,,,,,
147,147,Saint-Nazaire,Arnaud Payen,Found,Match successful.,41.0,"Saint-Nazaire fraternelle, responsable et créative",LDVG,3.0,44184,44.0,Loire-Atlantique,44184.0,Saint-Nazaire,"44,73%","Saint-Nazaire fraternelle, responsable et créative",44184,44.73,72057.0,47.28,-2.254,Loire-Atlantique,Pays de la Loire,Saint-Nazaire,48.0,1497.0
148,148,Saint-Nazaire,Julie Poussier,Found,Match successful.,30.0,"Saint-Nazaire fraternelle, responsable et créative",LDVG,3.0,44184,44.0,Loire-Atlantique,44184.0,Saint-Nazaire,"44,73%","Saint-Nazaire fraternelle, responsable et créative",44184,44.73,72057.0,47.28,-2.254,Loire-Atlantique,Pays de la Loire,Saint-Nazaire,48.0,1497.0
149,149,Saint-Ouen-sur-Seine,Florent Sevin,Found,Match successful.,3.0,saint-ouen je t'aime,LUG,6.0,93070,93.0,Seine-Saint-Denis,93070.0,Saint-Ouen-sur-Seine,"46,63%",saint-ouen je t'aime,93070,46.63,53207.0,48.91,2.333,Seine-Saint-Denis,Île-de-France,Saint-Ouen-sur-Seine,4.0,12490.0
150,150,Saint-Paul,Joël PERSONNÉ,Not Present,"City found, but candidate is missing from the list for this Circonscription.",,,,,0,,,,,,,,,,,,,,,,
151,151,Saint-Priest,Gilles Grandval,Found,Match successful.,1.0,Saint-Priest ensemble,LUG,3.0,69290,69.0,Rhône,69290.0,Saint-Priest,"14,21%",Saint-Priest ensemble,69290,14.21,48822.0,45.702,4.949,Rhône,Auvergne-Rhône-Alpes,Saint-Priest,30.0,1646.0
152,152,Sainte-Foy-lès-Lyon,Frédéric Duval,Not Present,"City found, but candidate is missing from the list for this Circonscription.",,,,,0,,,,,,,,,,,,,,,,
153,153,Sarcelles,Charlotte RABIH,Found,Match successful.,6.0,UNE AMBITION POUR SARCELLES,LSOC,3.0,95585,95.0,Val-d'Oise,95585.0,Sarcelles,"25,40%",UNE AMBITION POUR SARCELLES,95585,25.4,58424.0,48.99,2.382,Val-d'Oise,Île-de-France,Sarcelles,8.0,6964.0
154,154,Sartrouville,Alexandre BIGOT,Found,Match successful.,8.0,Sartrouville autrement Union de la gauche écologiste,LDVG,1.0,78586,78.0,Yvelines,78586.0,Sartrouville,"23,39%",Sartrouville autrement Union de la gauche écologiste,78586,23.39,51220.0,48.94,2.175,Yvelines,Île-de-France,Sartrouville,8.0,6062.0
155,155,Strasbourg,Marina Lafay,Found,Match successful.,5.0,Strasbourg Juste et Vivante,LDVG,10.0,67482,67.0,Bas-Rhin,67482.0,Strasbourg,"19,72%",Strasbourg Juste et Vivante,67482,19.72,291313.0,48.571,7.768,Bas-Rhin,Grand Est,Strasbourg,78.0,3730.0
156,156,Strasbourg,Philippe Appel,Found,Match successful.,20.0,Strasbourg Juste et Vivante,LDVG,10.0,67482,67.0,Bas-Rhin,67482.0,Strasbourg,"19,72%",Strasbourg Juste et Vivante,67482,19.72,291313.0,48.571,7.768,Bas-Rhin,Grand Est,Strasbourg,78.0,3730.0
157,157,Suresnes,Gaël Chabert,Not Present,"City found, but candidate is missing from the list for this Circonscription.",,,,,0,,,,,,,,,,,,,,,,
158,158,Suresnes,Céline Boyeau,Not Present,"City found, but candidate is missing from the list for this Circonscription.",,,,,0,,,,,,,,,,,,,,,,
159,159,Toulon,Diane Barbier,Found,Match successful.,41.0,TOULON EN COMMUN,LUG,1.0,83137,83.0,Var,83137.0,Toulon,"8,38%",TOULON EN COMMUN,83137,8.38,180452.0,43.136,5.932,Var,Provence-Alpes-Côte d'Azur,Toulon,44.0,4084.0
160,160,Toulon,Nancy Fabre,Found,Match successful.,19.0,TOULON EN COMMUN,LUG,1.0,83137,83.0,Var,83137.0,Toulon,"8,38%",TOULON EN COMMUN,83137,8.38,180452.0,43.136,5.932,Var,Provence-Alpes-Côte d'Azur,Toulon,44.0,4084.0
161,161,Toulouse,Hugo Sajhau,Found,Match successful.,15.0,"Vivre mieux La gauche unie, écologiste, citoyenne et solidaire",LUG,1.0,31555,31.0,Haute-Garonne,31555.0,Toulouse,"24,99%","Vivre mieux La gauche unie, écologiste, citoyenne et solidaire",31555,24.99,504078.0,43.596,1.432,Haute-Garonne,Occitanie,Toulouse,118.0,4269.0
162,162,Tourcoing,Thomas Demarcq,Found,Match successful.,11.0,Citoyennes et Citoyens pour Tourcoing,LDVG,2.0,59599,59.0,Nord,59599.0,Tourcoing,"6,62%",Citoyennes et Citoyens pour Tourcoing,59599,6.62,99011.0,50.725,3.159,Nord,Hauts-de-France,Tourcoing,15.0,6518.0
163,163,Tours,Sarada Loock,Found,Match successful.,4.0,Tours inspire,LUG,2.0,37261,37.0,Indre-et-Loire,37261.0,Tours,"34,04%",Tours inspire,37261,34.04,137658.0,47.399,0.696,Indre-et-Loire,Centre-Val de Loire,Tours,33.0,4128.0
164,164,Tours,Philippe Le Roux,Not Present,"City found, but candidate is missing from the list for this Circonscription.",,,,,0,,,,,,,,,,,,,,,,
165,165,Troyes,Jean-Philippe Lecoq,Found,Match successful.,18.0,TROYES AVEC BRIOT liste de gauche citoyenne écologique et solidaire,LUG,8.0,10387,10.0,Aube,10387.0,Troyes,"11,27%",TROYES AVEC BRIOT liste de gauche citoyenne écologique et solidaire,10387,11.27,62782.0,48.297,4.078,Aube,Grand Est,Troyes,13.0,4689.0
166,166,Troyes,Valérie Labarre,Found,Match successful.,49.0,TROYES AVEC BRIOT liste de gauche citoyenne écologique et solidaire,LUG,8.0,10387,10.0,Aube,10387.0,Troyes,"11,27%",TROYES AVEC BRIOT liste de gauche citoyenne écologique et solidaire,10387,11.27,62782.0,48.297,4.078,Aube,Grand Est,Troyes,13.0,4689.0
167,167,Valence,Françoise Casalino,Not Present,"City found, but candidate is missing from the list for this Circonscription.",,,,,0,,,,,,,,,,,,,,,,
168,168,Valence,Pierre-Jean Veyret,Found,Match successful.,5.0,UNION DE LA GAUCHE ET DES ECOLOGISTES - REUNIR VALENCE,LUG,1.0,26362,26.0,Drôme,26362.0,Valence,"17,82%",UNION DE LA GAUCHE ET DES ECOLOGISTES - REUNIR VALENCE,26362,17.82,64483.0,44.923,4.914,Drôme,Auvergne-Rhône-Alpes,Valence,37.0,1753.0
169,169,Vannes,Corinne Amouillin Gautier,Not Present,"City found, but candidate is missing from the list for this Circonscription.",,,,,0,,,,,,,,,,,,,,,,
170,170,Vannes,Franck Poirier,Found,Match successful.,3.0,L'avenir de Vannes,LDVG,3.0,56260,56.0,Morbihan,56260.0,Vannes,"24,02%",L'avenir de Vannes,56260,24.02,54420.0,47.66,-2.757,Morbihan,Bretagne,Vannes,33.0,1638.0
171,171,Villejuif,Maxime Plusquellec,Found,Match successful.,2.0,Mieux vivre à Villejuif,LDVG,8.0,94076,94.0,Val-de-Marne,94076.0,Villejuif,"8,93%",Mieux vivre à Villejuif,94076,8.93,57753.0,48.793,2.36,Val-de-Marne,Île-de-France,Villejuif,5.0,10938.0
172,172,Villejuif,Lamia Debbiche,Found,Match successful.,7.0,Mieux vivre à Villejuif,LDVG,8.0,94076,94.0,Val-de-Marne,94076.0,Villejuif,"8,93%",Mieux vivre à Villejuif,94076,8.93,57753.0,48.793,2.36,Val-de-Marne,Île-de-France,Villejuif,5.0,10938.0
173,173,Villeneuve d’Ascq,Emmanuelle Chevalier,Found,Match successful.,2.0,Vivre Villeneuve d'Ascq,LSOC,2.0,59009,59.0,Nord,59009.0,Villeneuve-d'Ascq,"8,58%",Vivre Villeneuve d'Ascq,59009,8.58,62067.0,50.632,3.154,Nord,Hauts-de-France,Villeneuve-d'Ascq,28.0,2253.0
174,174,Villeneuve d’Ascq,Xavier Rohart,Not Present,"City found, but candidate is missing from the list for this Circonscription.",,,,,0,,,,,,,,,,,,,,,,
175,175,Villeurbanne,Aurélie Boeuf,Not Present,"City found, but candidate is missing from the list for this Circonscription.",,,,,0,,,,,,,,,,,,,,,,
176,176,Villeurbanne,Frédéric Vermeulin,Found,Match successful.,29.0,"ENGAGE.E.S POUR VILLEURBANNE- LA GAUCHE SOCIALE, ECOLOGISTE ET CITOYENNE RASSEMBLEE",LUG,4.0,69266,69.0,Rhône,69266.0,Villeurbanne,"37,94%","ENGAGE.E.S POUR VILLEURBANNE- LA GAUCHE SOCIALE, ECOLOGISTE ET CITOYENNE RASSEMBLEE",69266,37.94,156928.0,45.771,4.888,Rhône,Auvergne-Rhône-Alpes,Villeurbanne,15.0,10603.0
177,177,Alénya,Marie Ange Destaville,Found,Match successful.,4.0,"AVEC VOUS, ALENYA 2026 POUR TOUS",LUG,2.0,66002,66.0,Pyrénées-Orientales,66002.0,Alénya,"71,89%","AVEC VOUS, ALENYA 2026 POUR TOUS",66002,71.89,3619.0,42.641,2.982,Pyrénées-Orientales,Occitanie,Alénya,6.0,634.0
178,178,Allauch,Marie-Yves LEDRET,Not Present,"City found, but candidate is missing from the list for this Circonscription.",,,,,0,,,,,,,,,,,,,,,,
179,179,Arcueil,Renaux Lucie,Found,Match successful.,9.0,Vivre Arcueil !,LUG,6.0,94003,94.0,Val-de-Marne,94003.0,Arcueil,"26,48%",Vivre Arcueil !,94003,26.48,21557.0,48.806,2.334,Val-de-Marne,Île-de-France,Arcueil,2.0,9292.0
180,180,Arès,Jean-Roald L’HERMITTE,Not Present,"City found, but candidate is missing from the list for this Circonscription.",,,,,0,,,,,,,,,,,,,,,,
181,181,Argelès-Sur-Mer,Charles Campigna,Not Present,"City found, but candidate is missing from the list for this Circonscription.",,,,,0,,,,,,,,,,,,,,,,
182,182,Argenton-Sur-Creuse,Jimmy Réla,Found,Match successful.,23.0,"UNIE ET VIVANTE, ARGENTON",LUG,1.0,36006,36.0,Indre,36006.0,Argenton-sur-Creuse,"42,22%","UNIE ET VIVANTE, ARGENTON",36006,42.22,4848.0,46.579,1.493,Indre,Centre-Val de Loire,Argenton-sur-Creuse,29.0,166.0
183,183,Aubenas,Patricia ROUX,Found,Match successful.,2.0,Aubenas en commun,LUG,3.0,7019,7.0,Ardèche,7019.0,Aubenas,"30,20%",Aubenas en commun,7019,30.2,,,,,,,,
184,184,Aubignan,Jean-Claude Szaleniec,Not Present,"City found, but candidate is missing from the list for this Circonscription.",,,,,0,,,,,,,,,,,,,,,,
185,185,Aurillac,Claudine FLEY,Not Present,"City found, but candidate is missing from the list for this Circonscription.",,,,,0,,,,,,,,,,,,,,,,
186,186,Athis-Mons,Marc TERRISSE,Not Present,"City found, but candidate is missing from the list for this Circonscription.",,,,,0,,,,,,,,,,,,,,,,
187,187,Balma,Laurent MERIC,Not Present,"City found, but candidate is missing from the list for this Circonscription.",,,,,0,,,,,,,,,,,,,,,,
188,188,Banyuls Sur Mer,Valérie Barreda,Found,Match successful.,7.0,"BANYULS, UN VILLAGE EN COMMUN",LDVG,2.0,66016,66.0,Pyrénées-Orientales,66016.0,Banyuls-sur-Mer,"54,98%","BANYULS, UN VILLAGE EN COMMUN",66016,54.98,4671.0,42.462,3.1,Pyrénées-Orientales,Occitanie,Banyuls-sur-Mer,43.0,108.0
189,189,Bezons,Gilles Rebagliato,Found,Match successful.,4.0,BEZONS VILLE D'AVENIR,LSOC,3.0,95063,95.0,Val-d'Oise,95063.0,Bezons,"43,11%",BEZONS VILLE D'AVENIR,95063,43.11,32017.0,48.926,2.211,Val-d'Oise,Île-de-France,Bezons,4.0,7660.0
190,190,Bihorel,Jean-Christophe Chatelain,Not Present,"City found, but candidate is missing from the list for this Circonscription.",,,,,0,,,,,,,,,,,,,,,,
191,191,Blagnac,Catherine Elissalde,Found,Match successful.,18.0,UNIS POUR BLAGNAC,LDVG,1.0,31069,31.0,Haute-Garonne,31069.0,Blagnac,"55,43%",UNIS POUR BLAGNAC,31069,55.43,26466.0,43.642,1.379,Haute-Garonne,Occitanie,Blagnac,17.0,1539.0
192,192,Blagnac,Jean Marc Fuentes,Found,Match successful.,27.0,UNIS POUR BLAGNAC,LDVG,1.0,31069,31.0,Haute-Garonne,31069.0,Blagnac,"55,43%",UNIS POUR BLAGNAC,31069,55.43,26466.0,43.642,1.379,Haute-Garonne,Occitanie,Blagnac,17.0,1539.0
193,193,Blars,Nicolas Debaisieux,Found,Match successful.,1.0,ÉQUIPE BLARSOISE 2026,,1.0,46031,46.0,Lot,46031.0,Blars,"100,00%",ÉQUIPE BLARSOISE 2026,46031,100.0,133.0,44.575,1.727,Lot,Occitanie,Blars,26.0,5.0
194,194,Boulazac Isle Manoire,Nicolas Duru,Found,Match successful.,6.0,ENSEMBLE POUR BOULAZAC ISLE MANOIRE,LDVG,1.0,24053,24.0,Dordogne,24053.0,Boulazac Isle Manoire,"52,88%",ENSEMBLE POUR BOULAZAC ISLE MANOIRE,24053,52.88,10697.0,45.174,0.769,Dordogne,Nouvelle-Aquitaine,Boulazac Isle Manoire,15.0,733.0
195,195,Brié Et Angonnes,Pierre Trovero,Found,Match successful.,3.0,AGIR AUTREMENT ET ENSEMBLE,,3.0,38059,38.0,Isère,38059.0,Brié-et-Angonnes,"24,02%",AGIR AUTREMENT ET ENSEMBLE,38059,24.02,2521.0,45.123,5.779,Isère,Auvergne-Rhône-Alpes,Brié-et-Angonnes,10.0,256.0
196,196,Bures-sur-Yvette,Estelle ODE,Not Present,"City found, but candidate is missing from the list for this Circonscription.",,,,,0,,,,,,,,,,,,,,,,
197,197,Bures-sur-Yvette,Nicholas SZECHENYI,Not Present,"City found, but candidate is missing from the list for this Circonscription.",,,,,0,,,,,,,,,,,,,,,,
198,198,Cachan,Terrisse Safae,Found,Match successful.,29.0,Cachan en commun 2026 avec Hélène de COMARMOND,LUG,3.0,94016,94.0,Val-de-Marne,94016.0,Cachan,"64,39%",Cachan en commun 2026 avec Hélène de COMARMOND,94016,64.39,30592.0,48.792,2.332,Val-de-Marne,Île-de-France,Cachan,3.0,11004.0
199,199,Calais,Francois DUVETTE,Not Present,"City found, but candidate is missing from the list for this Circonscription.",,,,,0,,,,,,,,,,,,,,,,
200,200,Canteleu,Gilles Burel,Found,Match successful.,3.0,ENSEMBLE POUR CANTELEU,LUG,2.0,76157,76.0,Seine-Maritime,76157.0,Canteleu,"66,68%",ENSEMBLE POUR CANTELEU,76157,66.68,13966.0,49.433,1.014,Seine-Maritime,Normandie,Canteleu,18.0,792.0
201,201,Carpiquet,Gérald LE ROUX,Not Present,"City found, but candidate is missing from the list for this Circonscription.",,,,,0,,,,,,,,,,,,,,,,
202,202,Castanet-Tolosan,Lacour Emeline,Found,Match successful.,7.0,Castanet en commun,LDVG,2.0,31113,31.0,Haute-Garonne,31113.0,Castanet-Tolosan,"27,77%",Castanet en commun,31113,27.77,14903.0,43.514,1.504,Haute-Garonne,Occitanie,Castanet-Tolosan,8.0,1809.0
203,203,Castelnau-Le-Lez,Cristol Sébastien,Found,Match successful.,2.0,RÉINVENTER CASTELNAU-LE-LEZ,LSOC,5.0,34057,34.0,Hérault,34057.0,Castelnau-le-Lez,"15,20%",RÉINVENTER CASTELNAU-LE-LEZ,34057,15.2,24888.0,43.638,3.913,Hérault,Occitanie,Castelnau-le-Lez,11.0,2242.0
204,204,Cenon,Danielou Emmanuel,Not Present,"City found, but candidate is missing from the list for this Circonscription.",,,,,0,,,,,,,,,,,,,,,,
205,205,Cesson,Hugon Claudine,Found,Match successful.,20.0,NOUVEAU DEPART POUR CESSON,LUG,1.0,77067,77.0,Seine-et-Marne,77067.0,Cesson,"35,11%",NOUVEAU DEPART POUR CESSON,77067,35.11,11140.0,48.565,2.595,Seine-et-Marne,Île-de-France,Cesson,7.0,1598.0
206,206,Chaponnay,Odet Herve,Not Present,"City found, but candidate is missing from the list for this Circonscription.",,,,,0,,,,,,,,,,,,,,,,
207,207,Château-Gontier-Sur-Mayenne,Julien Joufflineau,Not Present,"City found, but candidate is missing from the list for this Circonscription.",,,,,0,,,,,,,,,,,,,,,,
208,208,Chateau-Thierry,Froidefond Olivier,Found,Match successful.,7.0,UNI.E.S POUR CHÂTEAU-THIERRY,LUG,1.0,2168,2.0,Aisne,2168.0,Château-Thierry,"25,59%",UNI.E.S POUR CHÂTEAU-THIERRY,2168,25.59,,,,,,,,
209,209,Chatel En Trieves,Lacroix Fanny,Found,Match successful.,1.0,Continuons ensemble Châtel en Trièves,,1.0,38456,38.0,Isère,38456.0,Châtel-en-Trièves,"100,00%",Continuons ensemble Châtel en Trièves,38456,100.0,491.0,44.849,5.804,Isère,Auvergne-Rhône-Alpes,Châtel-en-Trièves,21.0,23.0
210,210,Châtellerault,Trousselle Yves,Found,Match successful.,3.0,AVEC VOUS CHATELLERAULT EN GRAND,LMDM,5.0,86066,86.0,Vienne,86066.0,Châtellerault,"13,38%",AVEC VOUS CHATELLERAULT EN GRAND,86066,13.38,31284.0,46.816,0.553,Vienne,Nouvelle-Aquitaine,Châtellerault,52.0,604.0
211,211,Châtenay-Malabry,Dinh-Phong NGUYEN,Found,Match successful.,15.0,Réinventons Châtenay-Malabry,LUG,1.0,92019,92.0,Hauts-de-Seine,92019.0,Châtenay-Malabry,"30,15%",Réinventons Châtenay-Malabry,92019,30.15,34898.0,48.768,2.263,Hauts-de-Seine,Île-de-France,Châtenay-Malabry,6.0,5478.0
212,212,Châtillon,Eva LINARES CRUZ,Found,Match successful.,9.0,J'Aime Châtillon,LDVG,1.0,92020,92.0,Hauts-de-Seine,92020.0,Châtillon,"61,59%",J'Aime Châtillon,92020,61.59,36777.0,48.803,2.288,Hauts-de-Seine,Île-de-France,Châtillon,3.0,12552.0
213,213,Châtillon,Vincent VAUDOUR,Found,Match successful.,34.0,J'Aime Châtillon,LDVG,1.0,92020,92.0,Hauts-de-Seine,92020.0,Châtillon,"61,59%",J'Aime Châtillon,92020,61.59,36777.0,48.803,2.288,Hauts-de-Seine,Île-de-France,Châtillon,3.0,12552.0
214,214,Chaux,Frédéric BEGOT,Found,Match successful.,17.0,"Chaux, un village qui avance",,1.0,90023,90.0,Territoire de Belfort,90023.0,Chaux,"100,00%","Chaux, un village qui avance",90023,100.0,1179.0,47.712,6.838,Territoire de Belfort,Bourgogne-Franche-Comté,Chaux,9.0,125.0
215,215,Chemilly,Cabanel Claire,Found,Match successful.,1.0,"CHEMILLY, NOTRE VILLAGE, NOTRE AVENIR",,1.0,3073,3.0,Allier,3073.0,Chemilly,"100,00%","CHEMILLY, NOTRE VILLAGE, NOTRE AVENIR",3073,100.0,,,,,,,,
216,216,Chinon,Ralle Pierre,Not Present,"City found, but candidate is missing from the list for this Circonscription.",,,,,0,,,,,,,,,,,,,,,,
217,217,Choisy-Le-Roi,Bintou Traoré,Found,Match successful.,12.0,Construisons Ensemble Choisy-Le-Roi,LDVG,6.0,94022,94.0,Val-de-Marne,94022.0,Choisy-le-Roi,"6,75%",Construisons Ensemble Choisy-Le-Roi,94022,6.75,46129.0,48.764,2.417,Val-de-Marne,Île-de-France,Choisy-le-Roi,5.0,8527.0
218,218,Concarneau,Le Bras Antony,Found,Match successful.,3.0,Concarneau citoyenne et participative,LDVG,3.0,29039,29.0,Finistère,29039.0,Concarneau,"32,14%",Concarneau citoyenne et participative,29039,32.14,20607.0,47.897,-3.907,Finistère,Bretagne,Concarneau,41.0,502.0
219,219,Cournon D’Auvergne,Géraldine Alexandre,Found,Match successful.,2.0,VIVONS COURNON,LUG,3.0,63124,63.0,Puy-de-Dôme,63124.0,Cournon-d'Auvergne,"46,97%",VIVONS COURNON,63124,46.97,20193.0,45.743,3.187,Puy-de-Dôme,Auvergne-Rhône-Alpes,Cournon-d'Auvergne,19.0,1071.0
220,220,Crolles,Roets Eric,Found,Match successful.,5.0,VIVRE CROLLES,LDVG,3.0,38140,38.0,Isère,38140.0,Crolles,"41,03%",VIVRE CROLLES,38140,41.03,8317.0,45.282,5.889,Isère,Auvergne-Rhône-Alpes,Crolles,15.0,573.0
221,221,Crozon,Quillevere Andre,Found,Match successful.,10.0,CROZON AVEC VOUS,LDVG,4.0,29042,29.0,Finistère,29042.0,Crozon,"28,21%",CROZON AVEC VOUS,29042,28.21,7321.0,48.245,-4.492,Finistère,Bretagne,Crozon,81.0,91.0
222,222,Cugnaux,Albert SANCHEZ,Found,Match successful.,1.0,AVEC VOUS POUR CUGNAUX,LUG,3.0,31157,31.0,Haute-Garonne,31157.0,Cugnaux,"18,72%",AVEC VOUS POUR CUGNAUX,31157,18.72,20341.0,43.545,1.343,Haute-Garonne,Occitanie,Cugnaux,13.0,1562.0
223,223,Échirolles,Adelaziz SERRAG,Not Present,"City found, but candidate is missing from the list for this Circonscription.",,,,,0,,,,,,,,,,,,,,,,
224,224,Enghien-Les-Bains,Rachel Molère-Attal,Found,Match successful.,1.0,NOUVELLE VAGUE,LDVG,1.0,95210,95.0,Val-d'Oise,95210.0,Enghien-les-Bains,"20,41%",NOUVELLE VAGUE,95210,20.41,11440.0,48.97,2.305,Val-d'Oise,Île-de-France,Enghien-les-Bains,2.0,6500.0
225,225,Évron,Guillaume Bertrand,Not Present,"City found, but candidate is missing from the list for this Circonscription.",,,,,0,,,,,,,,,,,,,,,,
226,226,Évron,Cécile Charonnat,Not Present,"City found, but candidate is missing from the list for this Circonscription.",,,,,0,,,,,,,,,,,,,,,,
227,227,Falaise,Cecile Levaguerèse,Not Present,"City found, but candidate is missing from the list for this Circonscription.",,,,,0,,,,,,,,,,,,,,,,
228,228,Fleury-Les-Aubrais,Varagne Sébastien,Found,Match successful.,18.0,FIERS D'ÊTRE FLEURYSSOIS,LUG,6.0,45147,45.0,Loiret,45147.0,Fleury-les-Aubrais,"31,91%",FIERS D'ÊTRE FLEURYSSOIS,45147,31.91,21438.0,47.939,1.92,Loiret,Centre-Val de Loire,Fleury-les-Aubrais,10.0,2110.0
229,229,Fontenay-aux-Roses,Antoine PETIT,Found,Match successful.,13.0,L'ELAN CITOYEN POUR FONTENAY !,LDVG,1.0,92032,92.0,Hauts-de-Seine,92032.0,Fontenay-aux-Roses,"22,02%",L'ELAN CITOYEN POUR FONTENAY !,92032,22.02,24772.0,48.79,2.287,Hauts-de-Seine,Île-de-France,Fontenay-aux-Roses,3.0,9791.0
230,230,Fos-sur-Mer,Anne-Caroline WALTER-CIPREO,Found,Match successful.,2.0,NOTRE FOS,LDVG,4.0,13039,13.0,Bouches-du-Rhône,13039.0,Fos-sur-Mer,"30,70%",NOTRE FOS,13039,30.7,15469.0,43.456,4.904,Bouches-du-Rhône,Provence-Alpes-Côte d'Azur,Fos-sur-Mer,89.0,174.0
231,231,Fresnes,Nikolaus Schmitt,Not Present,"City found, but candidate is missing from the list for this Circonscription.",,,,,0,,,,,,,,,,,,,,,,
232,232,Frontignan,Félix Stiefvater,Found,Match successful.,29.0,"FRONTIGNAN - LA PEYRADE, TOUJOURS AVEC PASSION !",LUG,2.0,34108,34.0,Hérault,34108.0,Frontignan,"51,16%","FRONTIGNAN - LA PEYRADE, TOUJOURS AVEC PASSION !",34108,51.16,23808.0,43.448,3.749,Hérault,Occitanie,Frontignan,40.0,598.0
233,233,Garches,Ledru Sophie,Found,Match successful.,3.0,Garches autrement,LDVG,4.0,92033,92.0,Hauts-de-Seine,92033.0,Garches,"16,31%",Garches autrement,92033,16.31,17898.0,48.845,2.187,Hauts-de-Seine,Île-de-France,Garches,3.0,6604.0
234,234,Gardanne,Jean-Michel CORDIER,Found,Match successful.,11.0,ENSEMBLE CHANGEONS DE CAP POUR GARDANNE BIVER,LDVG,3.0,13041,13.0,Bouches-du-Rhône,13041.0,Gardanne,"36,48%",ENSEMBLE CHANGEONS DE CAP POUR GARDANNE BIVER,13041,36.48,21174.0,43.453,5.48,Bouches-du-Rhône,Provence-Alpes-Côte d'Azur,Gardanne,27.0,779.0
235,235,Gex,Bocquet Vincent,Found,Match successful.,1.0,MIEUX VIVRE À GEX,LDIV,1.0,1173,1.0,Ain,1173.0,Gex,"26,80%",MIEUX VIVRE À GEX,1173,26.8,,,,,,,,
236,236,Gif sur Yvette,Pierre-Patrick FAURE,Found,Match successful.,5.0,oser !,LDVG,1.0,91272,91.0,Essonne,91272.0,Gif-sur-Yvette,"29,09%",Oser !,91272,29.09,22352.0,48.699,2.128,Essonne,Île-de-France,Gif-sur-Yvette,12.0,1875.0
237,237,Grande-Synthe,Michèle Pinel Hattab,Not Present,"City found, but candidate is missing from the list for this Circonscription.",,,,,0,,,,,,,,,,,,,,,,
238,238,Grosmagny,Fleury Luc,Found,Match successful.,9.0,Avec vous pour notre village,,2.0,90054,90.0,Territoire de Belfort,90054.0,Grosmagny,"61,54%",Avec vous pour notre village,90054,61.54,534.0,47.718,6.881,Territoire de Belfort,Bourgogne-Franche-Comté,Grosmagny,9.0,60.0
239,239,Guérande,Rouault Bertrand,Found,Match successful.,3.0,VIVONS GUÉRANDE ÉCOLOGIQUE ET SOLIDAIRE,LDVG,4.0,44069,44.0,Loire-Atlantique,44069.0,Guérande,"15,84%",VIVONS GUÉRANDE ÉCOLOGIQUE ET SOLIDAIRE,44069,15.84,16151.0,47.331,-2.417,Loire-Atlantique,Pays de la Loire,Guérande,82.0,198.0
240,240,Hazebrouck,Stanislas Verhille,Found,Match successful.,31.0,"Hazebrouck Humaine, verte et sûre",LDVG,1.0,59295,59.0,Nord,59295.0,Hazebrouck,"23,76%","Hazebrouck Humaine, verte et sûre",59295,23.76,21498.0,50.726,2.539,Nord,Hauts-de-France,Hazebrouck,27.0,782.0
241,241,Hellemmes,Etienne Masson,City Not Found,The city does not exist in the Circonscription column.,,,,,0,,,,,,,,,,,,,,,,
242,242,Illkirch-Graffenstaden,Claude Froehly,Not Present,"City found, but candidate is missing from the list for this Circonscription.",,,,,0,,,,,,,,,,,,,,,,
243,243,Joingy,Mickael Pagnoux,Found,Match successful.,3.0,JOIGNY EN CONFIANCE,LDVG,1.0,89206,89.0,Yonne,89206.0,Joigny,"63,15%",JOIGNY EN CONFIANCE,89206,63.15,9218.0,48.009,3.41,Yonne,Bourgogne-Franche-Comté,Joigny,47.0,195.0
244,244,L’Haÿ-Les-Roses,Godreau François,Found,Match successful.,3.0,L'HAY EN COMMUN 2026 AVEC SOPHIAN MOUALHI,LDVG,2.0,94038,94.0,Val-de-Marne,94038.0,L'Haÿ-les-Roses,"45,33%",L'HAY EN COMMUN 2026 AVEC SOPHIAN MOUALHI,94038,45.33,31392.0,48.776,2.338,Val-de-Marne,Île-de-France,L'Haÿ-les-Roses,4.0,8049.0
245,245,L’Huisserie,Marc Tourny,Found,Match successful.,10.0,AVEC VOUS POUR VOUS,LDIV,1.0,53119,53.0,Mayenne,53119.0,L'Huisserie,"46,35%",AVEC VOUS POUR VOUS,53119,46.35,4435.0,48.017,-0.766,Mayenne,Pays de la Loire,L'Huisserie,15.0,293.0
246,246,L’Isle-Jourdain,Malbay Philippe,Found,Match successful.,11.0,L'ISLE-JOURDAIN EN ACTIONS,LDVG,5.0,32160,32.0,Gers,32160.0,L'Isle-Jourdain,"19,40%",L'ISLE-JOURDAIN EN ACTIONS,32160,19.4,9324.0,43.614,1.081,Gers,Occitanie,L'Isle-Jourdain,71.0,132.0
247,247,La Chapelle Sur Erdre,Barbelivien Frédéric,Found,Match successful.,7.0,La Chapelle ensemble,LDVG,1.0,44035,44.0,Loire-Atlantique,44035.0,La Chapelle-sur-Erdre,"47,92%",La Chapelle ensemble,44035,47.92,20331.0,47.304,-1.561,Loire-Atlantique,Pays de la Loire,La Chapelle-sur-Erdre,33.0,609.0
248,248,La Garenne Colombes,Lucie VAUZELAUD,Not Present,"City found, but candidate is missing from the list for this Circonscription.",,,,,0,,,,,,,,,,,,,,,,
249,249,Labruguière,Francis LACAN,Not Present,"City found, but candidate is missing from the list for this Circonscription.",,,,,0,,,,,,,,,,,,,,,,
250,250,Lagny Sur Marne,Christine Saelens,Found,Match successful.,34.0,LAGNY ÉCOLOGISTE ET SOLIDAIRE,LUG,2.0,77243,77.0,Seine-et-Marne,77243.0,Lagny-sur-Marne,"21,15%",LAGNY ÉCOLOGISTE ET SOLIDAIRE,77243,21.15,21191.0,48.873,2.71,Seine-et-Marne,Île-de-France,Lagny-sur-Marne,6.0,3660.0
251,251,Lamentin,Julio Rigah,Not Present,"City found, but candidate is missing from the list for this Circonscription.",,,,,0,,,,,,,,,,,,,,,,
252,252,Landéda,Plessis Isabelle,Not Present,"City found, but candidate is missing from the list for this Circonscription.",,,,,0,,,,,,,,,,,,,,,,
253,253,Landerneau,Fourfooz Fabrice,Found,Match successful.,2.0,Landerneau pour tous,LUG,2.0,29103,29.0,Finistère,29103.0,Landerneau,"24,39%",Landerneau pour tous,29103,24.39,16206.0,48.451,-4.264,Finistère,Bretagne,Landerneau,14.0,1187.0
254,254,Landivisiau,Gigan Donald,Found,Match successful.,11.0,Ensemble pour Landivisiau,LDVG,3.0,29105,29.0,Finistère,29105.0,Landivisiau,"33,51%",Ensemble pour Landivisiau,29105,33.51,9192.0,48.516,-4.061,Finistère,Bretagne,Landivisiau,19.0,481.0
255,255,Lanester,Emmanuel Martineau-Marceny,Found,Match successful.,11.0,Lanester ambitions communes,LUG,2.0,56098,56.0,Morbihan,56098.0,Lanester,"70,47%",Lanester ambitions communes,56098,70.47,23026.0,47.769,-3.326,Morbihan,Bretagne,Lanester,16.0,1419.0
256,256,Langueux,Traissac Valérie,Found,Match successful.,1.0,Langueux demain,LDVG,3.0,22106,22.0,Côtes-d'Armor,22106.0,Langueux,"30,25%",Langueux demain,22106,30.25,7886.0,48.5,-2.71,Côtes-d'Armor,Bretagne,Langueux,9.0,856.0
257,257,Larmor-Plage,Miles Jean-Louis,Found,Match successful.,1.0,Larmor-Plage Projet éco-citoyen,LDVG,1.0,56107,56.0,Morbihan,56107.0,Larmor-Plage,"29,85%",Larmor-Plage Projet éco-citoyen,56107,29.85,8318.0,47.716,-3.391,Morbihan,Bretagne,Larmor-Plage,8.0,994.0
258,258,Lavaur,Boul Jean,Found,Match successful.,21.0,CHANGEONS LAVAUR,LUG,2.0,81140,81.0,Tarn,81140.0,Lavaur,"20,25%",CHANGEONS LAVAUR,81140,20.25,10830.0,43.69,1.794,Tarn,Occitanie,Lavaur,63.0,172.0
259,259,Lavaur,Albouy Pomponne Pauline,Found,Match successful.,4.0,CHANGEONS LAVAUR,LUG,2.0,81140,81.0,Tarn,81140.0,Lavaur,"20,25%",CHANGEONS LAVAUR,81140,20.25,10830.0,43.69,1.794,Tarn,Occitanie,Lavaur,63.0,172.0
260,260,Le Bouscat,Jaugin Sylvie,Found,Match successful.,9.0,L'ELAN CITOYEN,LDVG,4.0,33069,33.0,Gironde,33069.0,Le Bouscat,"21,18%",L'ELAN CITOYEN,33069,21.18,24339.0,44.866,-0.602,Gironde,Nouvelle-Aquitaine,Le Bouscat,5.0,4618.0
261,261,Le Conquet,Casey Fiona,Not Present,"City found, but candidate is missing from the list for this Circonscription.",,,,,0,,,,,,,,,,,,,,,,
262,262,Le Kremlin-Bicêtre,Jonathan HEMERY,Found,Match successful.,19.0,LA FORCE DE L'HUMAIN,LUG,6.0,94043,94.0,Val-de-Marne,94043.0,Le Kremlin-Bicêtre,"26,88%",LA FORCE DE L'HUMAIN,94043,26.88,24380.0,48.809,2.357,Val-de-Marne,Île-de-France,Le Kremlin-Bicêtre,2.0,15729.0
263,263,Le Petit Quevilly,Roudergues Gérard,Not Present,"City found, but candidate is missing from the list for this Circonscription.",,,,,0,,,,,,,,,,,,,,,,
264,264,Le Petit Quevilly,Le Petitcorps Beatrice,Found,Match successful.,21.0,Ensemble et solidaires pour demain,LUG,1.0,76498,76.0,Seine-Maritime,76498.0,Le Petit-Quevilly,"52,75%",Ensemble et solidaires pour demain,76498,52.75,21782.0,49.424,1.06,Seine-Maritime,Normandie,Le Petit-Quevilly,4.0,4996.0
265,265,Le Pont De Claix,Ferrari Christophe,Found,Match successful.,1.0,UNIS POUR PONT DE CLAIX,LDVG,1.0,38317,38.0,Isère,38317.0,Le Pont-de-Claix,"100,00%",UNIS POUR PONT DE CLAIX,38317,100.0,10805.0,45.126,5.702,Isère,Auvergne-Rhône-Alpes,Le Pont-de-Claix,6.0,1899.0
266,266,Le Relecq Kerhuon,Chantal Guittet,Not Present,"City found, but candidate is missing from the list for this Circonscription.",,,,,0,,,,,,,,,,,,,,,,
267,267,Le Tholonet,Pierre-Yves THOULON,Found,Match successful.,9.0,Le Tholonet avec vous,,4.0,13109,13.0,Bouches-du-Rhône,13109.0,Le Tholonet,"26,38%",Le Tholonet avec vous,13109,26.38,2355.0,43.52,5.508,Bouches-du-Rhône,Provence-Alpes-Côte d'Azur,Le Tholonet,11.0,217.0
268,268,Lège Cap-Ferret,Legrand Dominique,Not Present,"City found, but candidate is missing from the list for this Circonscription.",,,,,0,,,,,,,,,,,,,,,,
269,269,Les Lilas,Frontin Gwénaël,Not Present,"City found, but candidate is missing from the list for this Circonscription.",,,,,0,,,,,,,,,,,,,,,,
270,270,Les Lilas,Lavon Sigalit,Found,Match successful.,8.0,Les Lilas au coeur,LUG,3.0,93045,93.0,Seine-Saint-Denis,93045.0,Les Lilas,"74,70%",Les Lilas au coeur,93045,74.7,23469.0,48.882,2.42,Seine-Saint-Denis,Île-de-France,Les Lilas,1.0,18775.0
271,271,Les Trois-Îlets,Cypria Laurent,Found,Match successful.,16.0,TROIS-ILETS AVENIR - An chimen pou demen,LDVG,1.0,97231,972.0,Martinique,97231.0,Les Trois-Ilets,"41,46%",TROIS-ILETS AVENIR - An chimen pou demen,97231,41.46,6964.0,14.527,-61.037,Martinique,Martinique,Les Trois-Îlets,28.0,245.0
272,272,Lescar,Delvert Lionel,Found,Match successful.,24.0,"POUR VOUS et AVEC VOUS, CONTINUONS ENSEMBLE",LDVG,1.0,64335,64.0,Pyrénées-Atlantiques,64335.0,Lescar,"61,04%","POUR VOUS et AVEC VOUS, CONTINUONS ENSEMBLE",64335,61.04,9524.0,43.34,-0.428,Pyrénées-Atlantiques,Nouvelle-Aquitaine,Lescar,27.0,359.0
273,273,Livry-Gargan,Nathalie MATHIEU,Found,Match successful.,17.0,"Notre ambition : Livry-Gargan, notre force : Vous",LDVG,4.0,93046,93.0,Seine-Saint-Denis,93046.0,Livry-Gargan,"6,32%","Notre ambition : Livry-Gargan, notre force : Vous",93046,6.32,46028.0,48.92,2.535,Seine-Saint-Denis,Île-de-France,Livry-Gargan,7.0,6254.0
274,274,Livry-Gargan,Pascal MATHIEU,Found,Match successful.,4.0,"Notre ambition : Livry-Gargan, notre force : Vous",LDVG,4.0,93046,93.0,Seine-Saint-Denis,93046.0,Livry-Gargan,"6,32%","Notre ambition : Livry-Gargan, notre force : Vous",93046,6.32,46028.0,48.92,2.535,Seine-Saint-Denis,Île-de-France,Livry-Gargan,7.0,6254.0
275,275,Louvres,Brandy BOLOKO,Found,Match successful.,3.0,AGIR REUSSIR,LDVC,2.0,95351,95.0,Val-d'Oise,95351.0,Louvres,"31,75%",AGIR REUSSIR,95351,31.75,12083.0,49.042,2.504,Val-d'Oise,Île-de-France,Louvres,11.0,1065.0
276,276,Magny-en-Vexin,Ghislaine SALMAT,Found,Match successful.,1.0,"ENSEMBLE, MAGNY AVANCE",LDVG,2.0,95355,95.0,Val-d'Oise,95355.0,Magny-en-Vexin,"15,28%","ENSEMBLE, MAGNY AVANCE",95355,15.28,5788.0,49.159,1.81,Val-d'Oise,Île-de-France,Magny-en-Vexin,14.0,400.0
277,277,Malakoff,Virginie Aprikian,Found,Match successful.,5.0,Ensemble pour Malakoff solidaire écologique et citoyenne,LUG,4.0,92046,92.0,Hauts-de-Seine,92046.0,Malakoff,"41,28%",Ensemble pour Malakoff solidaire écologique et citoyenne,92046,41.28,30292.0,48.817,2.297,Hauts-de-Seine,Île-de-France,Malakoff,2.0,14634.0
278,278,Malakoff,Hanoteau Jean-Christophe,Not Present,"City found, but candidate is missing from the list for this Circonscription.",,,,,0,,,,,,,,,,,,,,,,
279,279,Marcq-en-Barœul,Jean-Philippe VIDAL,Not Present,"City found, but candidate is missing from the list for this Circonscription.",,,,,0,,,,,,,,,,,,,,,,
280,280,Marly,Laurent Jeannas,Found,Match successful.,7.0,MARLY VÉRITÉ,LDVG,2.0,59383,59.0,Nord,59383.0,Marly,"21,82%",MARLY VÉRITÉ,59383,21.82,12024.0,50.345,3.55,Nord,Hauts-de-France,Marly,8.0,1494.0
281,281,Marnay,Decarroux Bernard,Not Present,"City found, but candidate is missing from the list for this Circonscription.",,,,,0,,,,,,,,,,,,,,,,
282,282,Martel,Raggi Jessica,Not Present,"City found, but candidate is missing from the list for this Circonscription.",,,,,0,,,,,,,,,,,,,,,,
283,283,Mayenne,Jean-Pierre Le Scornet,Found,Match successful.,1.0,MAYENNE POUR VOUS,LDVG,1.0,53147,53.0,Mayenne,53147.0,Mayenne,"41,18%",MAYENNE POUR VOUS,53147,41.18,12900.0,48.308,-0.615,Mayenne,Pays de la Loire,Mayenne,20.0,639.0
284,284,Méounes-Les-Montrieux,Elsa Nardini,Not Present,"City found, but candidate is missing from the list for this Circonscription.",,,,,0,,,,,,,,,,,,,,,,
285,285,Meylan,Francois Patrice,Not Present,"City found, but candidate is missing from the list for this Circonscription.",,,,,0,,,,,,,,,,,,,,,,
286,286,Meyreuil,Corentin BELMAS,Found,Match successful.,3.0,VOTRE PROJET MEYREUIL 2026,LDVG,2.0,13060,13.0,Bouches-du-Rhône,13060.0,Meyreuil,"35,93%",VOTRE PROJET MEYREUIL 2026,13060,35.93,5935.0,43.491,5.501,Bouches-du-Rhône,Provence-Alpes-Côte d'Azur,Meyreuil,20.0,295.0
287,287,Migné-Auxances,Sébastien LEONARD,Found,Match successful.,9.0,Les Optimistes pour Migné-Auxances,LDVG,1.0,86158,86.0,Vienne,86158.0,Migné-Auxances,"50,96%",Les Optimistes pour Migné-Auxances,86158,50.96,6197.0,46.632,0.305,Vienne,Nouvelle-Aquitaine,Migné-Auxances,29.0,214.0
288,288,Mimizan,Caule Thierry,Not Present,"City found, but candidate is missing from the list for this Circonscription.",,,,,0,,,,,,,,,,,,,,,,
289,289,Moëlan-Sur-Mer,Destremont Julien,Found,Match successful.,7.0,"Moëlan, partageons l'avenir",LDVG,2.0,29150,29.0,Finistère,29150.0,Moëlan-sur-Mer,"49,93%","Moëlan, partageons l'avenir",29150,49.93,6756.0,47.806,-3.646,Finistère,Bretagne,Moëlan-sur-Mer,47.0,143.0
290,290,Moissac,Fraisse Chantal,Found,Match successful.,13.0,"MOISSAC, FIER.E.S ET SOLIDAIRES",LUG,4.0,82112,82.0,Tarn-et-Garonne,82112.0,Moissac,"11,98%","MOISSAC, FIER.E.S ET SOLIDAIRES",82112,11.98,13748.0,44.126,1.098,Tarn-et-Garonne,Occitanie,Moissac,86.0,160.0
291,291,Mont-de-Marsan,Isabelle COLAS-JALABERT,Found,Match successful.,20.0,MONT-DE-MARSAN AUTREMENT,LUG,4.0,40192,40.0,Landes,40192.0,Mont-de-Marsan,"29,72%",MONT-DE-MARSAN AUTREMENT,40192,29.72,30674.0,43.899,-0.491,Landes,Nouvelle-Aquitaine,Mont-de-Marsan,37.0,838.0
292,292,Mont-Saint-Aignan,Alexandre Jean Claude,Found,Match successful.,2.0,Mont-Saint-Aignan Vivant,LSOC,2.0,76451,76.0,Seine-Maritime,76451.0,Mont-Saint-Aignan,"23,86%",Mont-Saint-Aignan Vivant,76451,23.86,20066.0,49.468,1.082,Seine-Maritime,Normandie,Mont-Saint-Aignan,8.0,2530.0
293,293,Mont-Saint-Aignan,Lydie Doré,Found,Match successful.,9.0,Mont-Saint-Aignan Vivant,LSOC,2.0,76451,76.0,Seine-Maritime,76451.0,Mont-Saint-Aignan,"23,86%",Mont-Saint-Aignan Vivant,76451,23.86,20066.0,49.468,1.082,Seine-Maritime,Normandie,Mont-Saint-Aignan,8.0,2530.0
294,294,Montagnac,Michel GARCIA,Found,Match successful.,1.0,CHANGEONS MONTAGNAC ENSEMBLE,LDVG,1.0,34162,34.0,Hérault,34162.0,Montagnac,"24,48%",CHANGEONS MONTAGNAC ENSEMBLE,34162,24.48,4436.0,43.474,3.511,Hérault,Occitanie,Montagnac,40.0,111.0
295,295,Montargis,Dorigny Gregoire,Found,Match successful.,3.0,UNIS POUR MONTARGIS,LUG,2.0,45208,45.0,Loiret,45208.0,Montargis,"15,38%",UNIS POUR MONTARGIS,45208,15.38,15061.0,47.999,2.736,Loiret,Centre-Val de Loire,Montargis,4.0,3384.0
296,296,Moret-Loing-Et-Orvanne,Fabry Paul,Found,Match successful.,23.0,"MLO TERRE DE VIE, TERRE D'AVENIR",LDVG,1.0,77316,77.0,Seine-et-Marne,77316.0,Moret-Loing-et-Orvanne,"40,23%","MLO TERRE DE VIE, TERRE D'AVENIR",77316,40.23,12581.0,48.365,2.812,Seine-et-Marne,Île-de-France,Moret-Loing-et-Orvanne,5.0,2531.0
297,297,Muret,Jean-Luc GERVAISE,Found,Match successful.,19.0,du pepp's pour muret,LDVG,2.0,31395,31.0,Haute-Garonne,31395.0,Muret,"25,81%",du pepp's pour muret,31395,25.81,25060.0,43.449,1.308,Haute-Garonne,Occitanie,Muret,58.0,429.0
298,298,Nandy,Arraitz Frédéric,Found,Match successful.,29.0,NANDY VITALITÉ,LSOC,3.0,77326,77.0,Seine-et-Marne,77326.0,Nandy,"57,77%",NANDY VITALITÉ,77326,57.77,6294.0,48.582,2.548,Seine-et-Marne,Île-de-France,Nandy,9.0,734.0
299,299,Neuilly-Plaisance,Prigent Olivier,Found,Match successful.,1.0,INVENTONS DEMAIN,LDVG,1.0,93049,93.0,Seine-Saint-Denis,93049.0,Neuilly-Plaisance,"18,70%",INVENTONS DEMAIN,93049,18.7,21415.0,48.864,2.51,Seine-Saint-Denis,Île-de-France,Neuilly-Plaisance,3.0,6280.0
300,300,Ollioules,Andrieu Stéphane,Found,Match successful.,6.0,OLLIOULES AUTREMENT,LUG,1.0,83090,83.0,Var,83090.0,Ollioules,"12,93%",OLLIOULES AUTREMENT,83090,12.93,14011.0,43.139,5.854,Var,Provence-Alpes-Côte d'Azur,Ollioules,20.0,690.0
301,301,Orly,Mohand SERRAYE,Found,Match successful.,8.0,"Engagés pour Orly, utiles pour vous",LDVG,1.0,94054,94.0,Val-de-Marne,94054.0,Orly,"47,83%","Engagés pour Orly, utiles pour vous",94054,47.83,24482.0,48.743,2.395,Val-de-Marne,Île-de-France,Orly,7.0,3670.0
302,302,Pacé,Gil DESMOULIN,Found,Match successful.,3.0,Pacé à gauche,LUG,3.0,35210,35.0,Ille-et-Vilaine,35210.0,Pacé,"19,76%",Pacé à gauche,35210,19.76,11918.0,48.152,-1.777,Ille-et-Vilaine,Bretagne,Pacé,35.0,340.0
303,303,Périgueux,Hélène CHEVALIER VILLATE,Not Present,"City found, but candidate is missing from the list for this Circonscription.",,,,,0,,,,,,,,,,,,,,,,
304,304,Périgueux,Bernard PITOUN,Not Present,"City found, but candidate is missing from the list for this Circonscription.",,,,,0,,,,,,,,,,,,,,,,
305,305,Persan,Sylvain LACASSAGNE,Found,Match successful.,5.0,UN NOUVEAU SOUFFLE POUR PERSAN,LDVG,1.0,95487,95.0,Val-d'Oise,95487.0,Persan,"39,06%",UN NOUVEAU SOUFFLE POUR PERSAN,95487,39.06,13996.0,49.15,2.27,Val-d'Oise,Île-de-France,Persan,5.0,2686.0
306,306,Petit Bourg,Clémence Amadou,Not Present,"City found, but candidate is missing from the list for this Circonscription.",,,,,0,,,,,,,,,,,,,,,,
307,307,Plaisir,Gibassier Patrick,Found,Match successful.,2.0,PLAISIR EN COMMUN,LUG,1.0,78490,78.0,Yvelines,78490.0,Plaisir,"12,03%",PLAISIR EN COMMUN,78490,12.03,31375.0,48.813,1.947,Yvelines,Île-de-France,Plaisir,18.0,1779.0
308,308,Ploërmel,Roger Gilbert,Not Present,"City found, but candidate is missing from the list for this Circonscription.",,,,,0,,,,,,,,,,,,,,,,
309,309,Plouër-sur-Rance,Pascal PERCHAIS,Not Present,"City found, but candidate is missing from the list for this Circonscription.",,,,,0,,,,,,,,,,,,,,,,
310,310,Plougastel Daoulas,Martin-Dubois Véronique,Found,Match successful.,5.0,Unir à Gauche,LDVG,1.0,29189,29.0,Finistère,29189.0,Plougastel-Daoulas,"14,88%",Unir à Gauche,29189,14.88,13445.0,48.36,-4.383,Finistère,Bretagne,Plougastel-Daoulas,47.0,285.0
311,311,Pont-De-Beauvoisin,Clément Dubois,Not Present,"City found, but candidate is missing from the list for this Circonscription.",,,,,0,,,,,,,,,,,,,,,,
312,312,Pontivy,Alain Saint-Jalmes,Not Present,"City found, but candidate is missing from the list for this Circonscription.",,,,,0,,,,,,,,,,,,,,,,
313,313,Pontivy,Emmanuel LE CLAIRE,Found,Match successful.,4.0,Pontivy nouveau souffle,LSOC,1.0,56178,56.0,Morbihan,56178.0,Pontivy,"14,04%",Pontivy nouveau souffle,56178,14.04,14774.0,48.073,-2.97,Morbihan,Bretagne,Pontivy,25.0,589.0
314,314,Portet-sur-Garonne,Régis LEBASTARD,Found,Match successful.,13.0,"PORTET FORTE, SEREINE, RASSEMBLEE",LSOC,1.0,31433,31.0,Haute-Garonne,31433.0,Portet-sur-Garonne,"100,00%","PORTET FORTE, SEREINE, RASSEMBLEE",31433,100.0,9805.0,43.529,1.402,Haute-Garonne,Occitanie,Portet-sur-Garonne,15.0,633.0
315,315,Prunet,Laurence ALLEFRESDE,Found,Match successful.,1.0,Ensemble pour Prunet,,1.0,7187,7.0,Ardèche,7187.0,Prunet,"100,00%",Ensemble pour Prunet,7187,100.0,,,,,,,,
316,316,Roanne,Vanhecke Eliane,Not Present,"City found, but candidate is missing from the list for this Circonscription.",,,,,0,,,,,,,,,,,,,,,,
317,317,Romainville,Etienne Benoit,Found,Match successful.,6.0,le temps d'agir,LSOC,7.0,93063,93.0,Seine-Saint-Denis,93063.0,Romainville,"16,42%",le temps d'agir,93063,16.42,33266.0,48.885,2.438,Seine-Saint-Denis,Île-de-France,Romainville,3.0,9642.0
318,318,Romilly Sur Seine,Auzols Eric,Found,Match successful.,5.0,ENSEMBLE POUR ROMILLY CITOYENNE SOLIDAIRE ECOLOGIQUE,LUG,3.0,10323,10.0,Aube,10323.0,Romilly-sur-Seine,"16,67%",ENSEMBLE POUR ROMILLY CITOYENNE SOLIDAIRE ECOLOGIQUE,10323,16.67,14766.0,48.519,3.722,Aube,Grand Est,Romilly-sur-Seine,25.0,580.0
319,319,Rueil-Malmaison,Catherine DOSSOT KTI,Not Present,"City found, but candidate is missing from the list for this Circonscription.",,,,,0,,,,,,,,,,,,,,,,
320,320,Rueil-Malmaison,Alain Dreyfus,Not Present,"City found, but candidate is missing from the list for this Circonscription.",,,,,0,,,,,,,,,,,,,,,,
321,321,Saint Baldoph,Brazil Abilio,Not Present,"City found, but candidate is missing from the list for this Circonscription.",,,,,0,,,,,,,,,,,,,,,,
322,322,Saint Martin D’Hères,Frédéric Gentes,Found,Match successful.,4.0,NOUVEL' HÈRE,LDVG,3.0,38421,38.0,Isère,38421.0,Saint-Martin-d'Hères,"13,82%",NOUVEL' HÈRES,38421,13.82,38454.0,45.176,5.765,Isère,Auvergne-Rhône-Alpes,Saint-Martin-d'Hères,9.0,4061.0
323,323,Saint-Martin-du-Vivier,Sandrine Duarte,Not Present,"City found, but candidate is missing from the list for this Circonscription.",,,,,0,,,,,,,,,,,,,,,,
324,324,Saint Peray,Buniazet Claire,Found,Match successful.,31.0,Saint-Péray est à vous,LDVG,3.0,7281,7.0,Ardèche,7281.0,Saint-Péray,"12,90%",Saint-Péray est à vous,7281,12.9,,,,,,,,
325,325,Saint Roman De Codières,Pascal Frédérick,Found,Match successful.,1.0,SAINT ROMAN A VENIR,,2.0,30296,30.0,Gard,30296.0,Saint-Roman-de-Codières,"54,44%",SAINT ROMAN A VENIR,30296,54.44,161.0,44.012,3.774,Gard,Occitanie,Saint-Roman-de-Codières,19.0,9.0
326,326,Saint-Cloud,Leboulanger Charles,Found,Match successful.,24.0,SAINT-CLOUD RIVE-GAUCHE,LUG,4.0,92064,92.0,Hauts-de-Seine,92064.0,Saint-Cloud,"11,27%",SAINT-CLOUD RIVE-GAUCHE,92064,11.27,29727.0,48.843,2.209,Hauts-de-Seine,Île-de-France,Saint-Cloud,8.0,3958.0
327,327,Saint-Leu,Christophe Estève,Found,Match successful.,9.0,UNION SAINT-LEUSIENNE,LDVC,1.0,97413,974.0,La Réunion,97413.0,Saint-Leu,"16,54%",UNION SAINT-LEUSIENNE,97413,16.54,34893.0,-21.167,55.333,La Réunion,La Réunion,Saint-Leu,118.0,295.0
328,328,Saint-Marc-de-Jaumegarde,Anne GIRAULT,Not Present,"City found, but candidate is missing from the list for this Circonscription.",,,,,0,,,,,,,,,,,,,,,,
329,329,Saint-Ouen-l’Aumône,Joël ROMAN,Found,Match successful.,33.0,AGIR AVEC VOUS POUR SAINT-OUEN-L'AUMONE,LDVG,3.0,95572,95.0,Val-d'Oise,95572.0,Saint-Ouen-l'Aumône,"57,50%",AGIR AVEC VOUS POUR SAINT-OUEN-L'AUMONE,95572,57.5,25023.0,49.044,2.129,Val-d'Oise,Île-de-France,Saint-Ouen-l'Aumône,14.0,1786.0
330,330,Saintes,Frédéric MAHAUD,Found,Match successful.,13.0,SAINTES DEMAIN,LDVG,1.0,17415,17.0,Charente-Maritime,17415.0,Saintes,"24,34%",SAINTES DEMAIN,17415,24.34,25518.0,45.742,-0.65,Charente-Maritime,Nouvelle-Aquitaine,Saintes,46.0,556.0
331,331,Salles,Bruno BUREAU,Found,Match successful.,1.0,UNIS POUR SALLES,LDVG,2.0,33498,33.0,Gironde,33498.0,Salles,"51,44%",UNIS POUR SALLES,33498,51.44,7887.0,44.542,-0.884,Gironde,Nouvelle-Aquitaine,Salles,138.0,57.0
332,332,Sarlat-la-Canéda,Fabienne LAGOUBIE,Found,Match successful.,1.0,AUJOURD'HUI ET DEMAIN SARLAT-LA-CANÉDA,LDVG,3.0,24520,24.0,Dordogne,24520.0,Sarlat-la-Canéda,"18,53%",AUJOURD'HUI ET DEMAIN SARLAT-LA-CANÉDA,24520,18.53,8812.0,44.898,1.207,Dordogne,Nouvelle-Aquitaine,Sarlat-la-Canéda,49.0,181.0
333,333,Sarlat-la-Canéda,Pierre LEMAUR,Not Present,"City found, but candidate is missing from the list for this Circonscription.",,,,,0,,,,,,,,,,,,,,,,
334,334,Sangatte,Julie COPYANS,Found,Match successful.,20.0,Une nouvelle énergie à vos côtés,LDVG,1.0,62774,62.0,Pas-de-Calais,62774.0,Sangatte,"53,41%",Une nouvelle énergie à vos côtés,62774,53.41,4842.0,50.941,1.77,Pas-de-Calais,Hauts-de-France,Sangatte,14.0,338.0
335,335,Savigny-sur-Orge,Alain DESBOVES,Found,Match successful.,8.0,Savigny pour une ville humaine et engagée,LCOM,1.0,91589,91.0,Essonne,91589.0,Savigny-sur-Orge,"17,47%",Savigny pour une ville humaine et engagée,91589,17.47,37371.0,48.684,2.349,Essonne,Île-de-France,Savigny-sur-Orge,7.0,5339.0
336,336,Sceaux,Dronne François,Found,Match successful.,2.0,Sceaux agir en commun,LDVG,2.0,92071,92.0,Hauts-de-Seine,92071.0,Sceaux,"24,18%",Sceaux agir en commun,92071,24.18,20488.0,48.777,2.295,Hauts-de-Seine,Île-de-France,Sceaux,4.0,5691.0
337,337,Sceaux-d’Anjou,Vincent GUIMON,Found,Match successful.,9.0,VIVRE ET AGIR ENSEMBLE,,1.0,49330,49.0,Maine-et-Loire,49330.0,Sceaux-d'Anjou,"100,00%",VIVRE ET AGIR ENSEMBLE,49330,100.0,1166.0,47.631,-0.61,Maine-et-Loire,Pays de la Loire,Sceaux-d'Anjou,17.0,67.0
338,338,Seine-Port,Louis-Stephane Huriez,Found,Match successful.,1.0,SEINE-PORT DEMAIN,,1.0,77447,77.0,Seine-et-Marne,77447.0,Seine-Port,"40,25%",SEINE-PORT DEMAIN,77447,40.25,1824.0,48.552,2.554,Seine-et-Marne,Île-de-France,Seine-Port,9.0,213.0
339,339,Sens,Eva Simonnot,Not Present,"City found, but candidate is missing from the list for this Circonscription.",,,,,0,,,,,,,,,,,,,,,,
340,340,Sèvres,François-Régis OUBRIER,Found,Match successful.,14.0,AGIR POUR SEVRES,LVEC,5.0,92072,92.0,Hauts-de-Seine,92072.0,Sèvres,"14,34%",AGIR POUR SEVRES,92072,14.34,22618.0,48.822,2.21,Hauts-de-Seine,Île-de-France,Sèvres,4.0,5770.0
341,341,Seyssinet-Pariset,Langlais Michel,Found,Match successful.,15.0,SEYSSINET-PARISET NATURELLEMENT,LDVG,2.0,38485,38.0,Isère,38485.0,Seyssinet-Pariset,"62,16%",SEYSSINET-PARISET NATURELLEMENT,38485,62.16,11753.0,45.173,5.67,Isère,Auvergne-Rhône-Alpes,Seyssinet-Pariset,11.0,1092.0
342,342,Signes,Portmann Jean,Not Present,"City found, but candidate is missing from the list for this Circonscription.",,,,,0,,,,,,,,,,,,,,,,
343,343,Signes,Pierre,Found,Match successful.,3.0,SIGNES DE QUALITE,,1.0,83127,83.0,Var,83127.0,Signes,"23,31%",SIGNES DE QUALITE,83127,23.31,3059.0,43.278,5.857,Var,Provence-Alpes-Côte d'Azur,Signes,133.0,23.0
344,344,Solliès-Toucas,Julien TOULGOAT,Found,Match successful.,1.0,Toucas Com'1,LDVG,2.0,83131,83.0,Var,83131.0,Solliès-Toucas,"24,50%",Toucas Com'1,83131,24.5,5912.0,43.213,5.987,Var,Provence-Alpes-Côte d'Azur,Solliès-Toucas,30.0,196.0
345,345,Sucé-sur-Erdre,Nejra MUSABASIC,Found,Match successful.,6.0,AGIR POUR DEMAIN,LDVG,2.0,44201,44.0,Loire-Atlantique,44201.0,Sucé-sur-Erdre,"15,87%",AGIR POUR DEMAIN,44201,15.87,7366.0,47.354,-1.52,Loire-Atlantique,Pays de la Loire,Sucé-sur-Erdre,41.0,178.0
346,346,Sucé-sur-Erdre,Thierry RABILLON,Found,Match successful.,13.0,AGIR POUR DEMAIN,LDVG,2.0,44201,44.0,Loire-Atlantique,44201.0,Sucé-sur-Erdre,"15,87%",AGIR POUR DEMAIN,44201,15.87,7366.0,47.354,-1.52,Loire-Atlantique,Pays de la Loire,Sucé-sur-Erdre,41.0,178.0
347,347,Thiais,Justine BOULANGER,Not Present,"City found, but candidate is missing from the list for this Circonscription.",,,,,0,,,,,,,,,,,,,,,,
348,348,Thomery,Olivier Plancke,Not Present,"City found, but candidate is missing from the list for this Circonscription.",,,,,0,,,,,,,,,,,,,,,,
349,349,Thouaré-sur-Loire,Françoise BERRIC,Found,Match successful.,33.0,Vivre ensemble à Thouaré,LDVG,1.0,44204,44.0,Loire-Atlantique,44204.0,Thouaré-sur-Loire,"31,61%",Vivre ensemble à Thouaré,44204,31.61,10783.0,47.276,-1.432,Loire-Atlantique,Pays de la Loire,Thouaré-sur-Loire,13.0,861.0
350,350,Thouaré-sur-Loire,Khaled BELMEKKI,Found,Match successful.,12.0,Vivre ensemble à Thouaré,LDVG,1.0,44204,44.0,Loire-Atlantique,44204.0,Thouaré-sur-Loire,"31,61%",Vivre ensemble à Thouaré,44204,31.61,10783.0,47.276,-1.432,Loire-Atlantique,Pays de la Loire,Thouaré-sur-Loire,13.0,861.0
351,351,Torcy,Michel Gueguen,Found,Match successful.,15.0,"Torcy 2026, continuons ensemble",LUG,1.0,77468,77.0,Seine-et-Marne,77468.0,Torcy,"100,00%","Torcy 2026, continuons ensemble",77468,100.0,22444.0,48.853,2.651,Seine-et-Marne,Île-de-France,Torcy,6.0,3655.0
352,352,Trélissac,Pascal FOUQUE,Not Present,"City found, but candidate is missing from the list for this Circonscription.",,,,,0,,,,,,,,,,,,,,,,
353,353,Val-de-Reuil,Jacques LECERF,Not Present,"City found, but candidate is missing from the list for this Circonscription.",,,,,0,,,,,,,,,,,,,,,,
354,354,Vallon-Pont-d’Arc,Alexis POULAIN-LEFEBVRE,Not Present,"City found, but candidate is missing from the list for this Circonscription.",,,,,0,,,,,,,,,,,,,,,,
355,355,Valserhone,Aurelien Monchambert,Found,Match successful.,27.0,Vivons ensemble Valserhône,LDVG,1.0,1033,1.0,Ain,1033.0,Valserhône,"57,22%",Vivons ensemble Valserhône,1033,57.22,,,,,,,,
356,356,Vanves,Elena Sender,Not Present,"City found, but candidate is missing from the list for this Circonscription.",,,,,0,,,,,,,,,,,,,,,,
357,357,Vanves,Jean Nakache,Found,Match successful.,2.0,Vanves Autrement,LUG,1.0,92075,92.0,Hauts-de-Seine,92075.0,Vanves,"45,54%",Vanves Autrement,92075,45.54,28014.0,48.822,2.287,Hauts-de-Seine,Île-de-France,Vanves,2.0,18074.0
358,358,Vélizy-Villacoublay,Guillaume GESDON,Not Present,"City found, but candidate is missing from the list for this Circonscription.",,,,,0,,,,,,,,,,,,,,,,
359,359,Vendôme,Frédéric Chauveau,Found,Match successful.,10.0,DYNAMIQUE VENDÔMOISE,LDVG,1.0,41269,41.0,Loir-et-Cher,41269.0,Vendôme,"21,82%",DYNAMIQUE VENDÔMOISE,41269,21.82,15747.0,47.801,1.061,Loir-et-Cher,Centre-Val de Loire,Vendôme,24.0,659.0
360,360,Vernon,Gilles Dantu,Not Present,"City found, but candidate is missing from the list for this Circonscription.",,,,,0,,,,,,,,,,,,,,,,
361,361,Verrières-le-Buisson,Patricia LUBELSKI,Found,Match successful.,4.0,Réussir ensemble Verrières-le-Buisson,LDVC,3.0,91645,91.0,Essonne,91645.0,Verrières-le-Buisson,"36,28%",Réussir ensemble Verrières-le-Buisson,91645,36.28,14597.0,48.75,2.252,Essonne,Île-de-France,Verrières-le-Buisson,10.0,1461.0
362,362,Vertou,Jean-Marc CHIROL,Found,Match successful.,4.0,VIVRE ENSEMBLE A VERTOU,LUG,2.0,44215,44.0,Loire-Atlantique,44215.0,Vertou,"31,37%",VIVRE ENSEMBLE A VERTOU,44215,31.37,26002.0,47.16,-1.47,Loire-Atlantique,Pays de la Loire,Vertou,38.0,681.0
363,363,Vichy,Paule Thioulouse,Not Present,"City found, but candidate is missing from the list for this Circonscription.",,,,,0,,,,,,,,,,,,,,,,
364,364,Vienne,Baptiste Audet,Found,Match successful.,11.0,Vienne vivante,LUG,3.0,38544,38.0,Isère,38544.0,Vienne,"25,01%",Vienne vivante,38544,25.01,31051.0,45.521,4.881,Isère,Auvergne-Rhône-Alpes,Vienne,23.0,1374.0
365,365,Vif,Joseph Sciascia,Found,Match successful.,27.0,BIEN VIVRE A VIF AVEC GUILLAUME CARASSIO,LDVG,5.0,38545,38.0,Isère,38545.0,Vif,"33,90%",BIEN VIVRE A VIF AVEC GUILLAUME CARASSIO,38545,33.9,8584.0,45.043,5.674,Isère,Auvergne-Rhône-Alpes,Vif,27.0,314.0
366,366,Ville D’Avray,Bertrand Chatelet,Not Present,"City found, but candidate is missing from the list for this Circonscription.",,,,,0,,,,,,,,,,,,,,,,
367,367,Villefranche-sur-Saône,Marc DUPUIS,Not Present,"City found, but candidate is missing from the list for this Circonscription.",,,,,0,,,,,,,,,,,,,,,,
368,368,Villeneuve-Les-Avignon,Florent Lemont,Found,Match successful.,4.0,Parce que j'aime Villeneuve,LDVG,2.0,30351,30.0,Gard,30351.0,Villeneuve-lès-Avignon,"26,71%",Parce que j'aime Villeneuve,30351,26.71,12617.0,43.977,4.795,Gard,Occitanie,Villeneuve-lès-Avignon,18.0,694.0
369,369,Villiers-Sur-Marne,Pascale Delhaye,Found,Match successful.,14.0,"POUR VOUS, POUR VILLIERS, LA GAUCHE, LES ECOLOGISTES, LES CITOYENS UNIS",LUG,2.0,94079,94.0,Val-de-Marne,94079.0,Villiers-sur-Marne,"26,70%","POUR VOUS, POUR VILLIERS, LA GAUCHE, LES ECOLOGISTES, LES CITOYENS UNIS",94079,26.7,30669.0,48.826,2.545,Val-de-Marne,Île-de-France,Villiers-sur-Marne,4.0,7099.0
370,370,Viry-Châtillon,Frédéric DE BELS,Not Present,"City found, but candidate is missing from the list for this Circonscription.",,,,,0,,,,,,,,,,,,,,,,
371,371,Voiron,Johanne Vial,Not Present,"City found, but candidate is missing from the list for this Circonscription.",,,,,0,,,,,,,,,,,,,,,,
